application_route_withheld,application_route_withheld_reason,application_status,application_url,apply_action_allowed,bundle_action,bundle_child_order,bundle_id,bundle_lane,bundle_title,call_markers,canonical_name,challenge_markers,child_id,classification_confidence,closing_date,entity_type,evidence_excerpt,evidence_ids,explicit_open_evidence,future_deadline_proven,historical_markers,historical_title,inferred_family,last_verified_at,link_count_inspected,link_integrity_complete,link_integrity_signature,negative_reason_count,official_application_route,official_page_url,opening_date,original_canonical_name,parent_link_flags,parent_link_resolution,parent_master_id,parent_resolution,parent_scheme_name,positive_reason_count,programme_alias_matches,programme_markers,publication_eligible,quality_flags,raw_application_url,recent_verification_proven,reopen_evidence,repaired_parent_master_id,repaired_parent_scheme_name,safe_application_status,safe_positive_decision_allowed,source_candidate_id,source_candidate_ids,source_entity_type,source_evidence_id,source_urls,standalone_call_matches,status_evidence,suggested_entity_type,suggested_label,temporal_flags,temporal_validation,title_years,verified_application_provenance_id,verified_application_role,verified_application_title,verified_application_url,verified_information_provenance_id,verified_information_role,verified_information_title,verified_information_url,classification_reasons_json
True,NO_APPLICATION_ROUTE_CAPTURED,SCHEME_INFORMATION_AVAILABLE,,False,CONFIRM_EXISTING_PROGRAMME_FAMILY,1,meitybundle_b5519f29bb40e18c8938,BATCH_CONFIRMATION,Programme family — CREST Semiconductor Accelerator,,CREST Semiconductor Accelerator,,meitychild_c7b578761fe85b0014c6,0.86,,ACCELERATOR_PROGRAMME,"meitycall_0c7011d0b31e008b13b8 Micron https://msh.meity.gov.in/program/mshcorporate/micron PUBLISHED 1 VERIFICATION_REQUIRED UNRESOLVED The available evidence is insufficient to determine whether this is a call, programme, event or directory. REQUIRES_MANUAL_REVIEW False Inspect the official page and assign a governed entity type before any republication. 3",meityev_1aa0cb504e075af257d9,False,False,,False,CREST Semiconductor Accelerator,,1,True,2a56a86ef78fdb2c49cfb7a889fd79282991c4b907a4a57735b09c913728ff6e,0,False,https://msh.meity.gov.in/program/mshcorporate/micron,,Micron,,NOT_APPLICABLE,,NOT_APPLICABLE,,4,,programme;program;scheme;accelerator,False,,,False,False,,,SCHEME_INFORMATION_AVAILABLE,True,meity380_1d567fedb2b3d9b772e1,meity380_1d567fedb2b3d9b772e1,PERMANENT_PROGRAMME,meityev_1aa0cb504e075af257d9,https://msh.meity.gov.in/program/mshcorporate/micron,,"meitycall_0c7011d0b31e008b13b8 Micron https://msh.meity.gov.in/program/mshcorporate/micron PUBLISHED 1 VERIFICATION_REQUIRED UNRESOLVED The available evidence is insufficient to determine whether this is a call, programme, event or directory. REQUIRES_MANUAL_REVIEW False Inspect the official page and assign a governed entity type before any republication. 3",PERMANENT_PROGRAMME,Permanent programme,,NOT_APPLICABLE,,,,,,meitylink_bfd135c2324f6031a1d9,SCHEME_INFORMATION_PAGE,MeityStartupHub,https://msh.meity.gov.in/program/mshcorporate/micron,"[{""passed"": true, ""code"": ""UPSTREAM_PROGRAMME_TYPE"", ""label"": ""The upstream identity is a programme""}, {""passed"": true, ""code"": ""PROGRAMME_MARKERS"", ""label"": ""Programme or scheme markers appear in the title or page""}, {""passed"": true, ""code"": ""NO_CALL_DEADLINE"", ""label"": ""No call closing date is proven""}, {""passed"": true, ""code"": ""NO_CURRENT_APPLY"", ""label"": ""No verified current Apply route""}]"
True,NO_APPLICATION_ROUTE_CAPTURED,SCHEME_INFORMATION_AVAILABLE,,False,CONFIRM_EXISTING_PROGRAMME_FAMILY,1,meitybundle_830585abbcda943ddb7f,BATCH_CONFIRMATION,Programme family — GENESIS,,GENESIS,,meitychild_b5791bcc613b68c1037a,0.86,,PERMANENT_PROGRAMME,"MEITY-94f8ab0a070a6ff15fce-a5e591ff4c69 94f8ab0a070a6ff15fce GENESIS GENESIS MeitY Startup Hub Ministry of Electronics and Information Technology (MeitY) Ministry of Electronics and Information Technology (MeitY) SCHEME PERMANENT_SCHEME ADD false true https://msh.meity.gov.in/schemes/genesis https://msh.meity.gov.in/schemes/genesis NO_CURRENT_APPLICATION_ROUTE UMBRELLA_SCHEME_INFORMATION_AVAILABLE APPLICATION_STATUS_REQUIRES_VERIFICATION DPIIT-registered startup; at least 51% Indian promoter shareholding at application; additional component-specific selection requirements apply. Support may include early-stage funding up to INR 10 lakh, pilot/investment support up to INR 50 lakh, and deep-tech support up to INR 1 crore, subject to component rules. PASS PASS APPROVE cae05b8ed60836fe3813daa36ff7fb3398b79be844aa3c78f97325ca8903240c a5e591ff4c6961af2aa20a3bb0f9a47b31b18156be5274543e22b4be924",meityev_28052187115f5e02f573;meityev_55a9d5e385b14e68cdbd;meityev_8f356436311e758bf01c,False,False,,False,GENESIS,,1,True,3770e561c16bd62e791d5894423f3380c6dfae14a8438f04ed22867ef32150b9,0,False,https://msh.meity.gov.in/schemes/genesis,,GENESIS,,NOT_APPLICABLE,,NOT_APPLICABLE,,4,,programme;program;scheme;support,False,ALIASES_AND_EVIDENCE_CONSOLIDATED,,False,False,,,SCHEME_INFORMATION_AVAILABLE,True,meity380_bebdb10bf2e3e7651c6c,meity380_50b807ed2cbbfa704711;meity380_9f23631668c609262540;meity380_bebdb10bf2e3e7651c6c,GRANT_PROGRAMME,meityev_55a9d5e385b14e68cdbd,https://msh.meity.gov.in/schemes/genesis,,"MEITY-94f8ab0a070a6ff15fce-a5e591ff4c69 94f8ab0a070a6ff15fce GENESIS GENESIS MeitY Startup Hub Ministry of Electronics and Information Technology (MeitY) Ministry of Electronics and Information Technology (MeitY) SCHEME PERMANENT_SCHEME ADD false true https://msh.meity.gov.in/schemes/genesis https://msh.meity.gov.in/schemes/genesis NO_CURRENT_APPLICATION_ROUTE UMBRELLA_SCHEME_INFORMATION_AVAILABLE APPLICATION_STATUS_REQUIRES_VERIFICATION DPIIT-registered startup; at least 51% Indian promoter shareholding at application; additional component-specific selection requirements apply. Support may include early-stage funding up to INR 10 lakh, pilot/investment support up to INR 50 lakh, and deep-tech support up to INR 1 crore, subject to component rules. PASS PASS APPROVE cae05b8ed60836fe3813daa36ff7fb3398b79be844aa3c78f97325ca8903240c a5e591ff4c6961af2aa20a3bb0f9a47b31b18156be5274543e22b4be92469773",PERMANENT_PROGRAMME,Permanent programme,,NOT_APPLICABLE,,,,,,meitylink_b685ae6afb43b1c7538c,SCHEME_INFORMATION_PAGE,MeityStartupHub,https://msh.meity.gov.in/schemes/genesis,"[{""passed"": true, ""code"": ""UPSTREAM_PROGRAMME_TYPE"", ""label"": ""The upstream identity is a programme""}, {""passed"": true, ""code"": ""PROGRAMME_MARKERS"", ""label"": ""Programme or scheme markers appear in the title or page""}, {""passed"": true, ""code"": ""NO_CALL_DEADLINE"", ""label"": ""No call closing date is proven""}, {""passed"": true, ""code"": ""NO_CURRENT_APPLY"", ""label"": ""No verified current Apply route""}]"
True,NO_APPLICATION_ROUTE_CAPTURED,SCHEME_INFORMATION_AVAILABLE,,False,CONFIRM_EXISTING_PROGRAMME_FAMILY,1,meitybundle_21fa26e029349f85d4c0,BATCH_CONFIRMATION,Programme family — MathWorks Startup Program,,MathWorks Startup Program,,meitychild_ac7137fbb6cecc8c9e29,0.86,,ACCELERATOR_PROGRAMME,meitycall_c53a5b2578e3b03d7291 Mathworks https://msh.meity.gov.in/program/mshcorporate/mathworks PERMANENT_PARTNERSHIP_PROGRAMME MathWorks page describes an ongoing partnership benefit without a dated call instance. False,meityev_3dac9a0a2fa0a8512869,False,False,,False,MathWorks Startup Program,,1,True,a722a7dea99953bb0b1d8023c3139be1345798870483494e481f9421839daf66,0,False,https://msh.meity.gov.in/program/mshcorporate/mathworks,,Mathworks,,NOT_APPLICABLE,,NOT_APPLICABLE,,4,,programme;program;scheme;accelerator,False,,,False,False,,,SCHEME_INFORMATION_AVAILABLE,True,meity380_e6f6f0d882a384cc8680,meity380_e6f6f0d882a384cc8680,PERMANENT_PROGRAMME,meityev_3dac9a0a2fa0a8512869,https://msh.meity.gov.in/program/mshcorporate/mathworks,,meitycall_c53a5b2578e3b03d7291 Mathworks https://msh.meity.gov.in/program/mshcorporate/mathworks PERMANENT_PARTNERSHIP_PROGRAMME MathWorks page describes an ongoing partnership benefit without a dated call instance. False,PERMANENT_PROGRAMME,Permanent programme,,NOT_APPLICABLE,,,,,,meitylink_24a245f0f02510e77ea7,SCHEME_INFORMATION_PAGE,MeityStartupHub,https://msh.meity.gov.in/program/mshcorporate/mathworks,"[{""passed"": true, ""code"": ""UPSTREAM_PROGRAMME_TYPE"", ""label"": ""The upstream identity is a programme""}, {""passed"": true, ""code"": ""PROGRAMME_MARKERS"", ""label"": ""Programme or scheme markers appear in the title or page""}, {""passed"": true, ""code"": ""NO_CALL_DEADLINE"", ""label"": ""No call closing date is proven""}, {""passed"": true, ""code"": ""NO_CURRENT_APPLY"", ""label"": ""No verified current Apply route""}]"
True,NO_APPLICATION_ROUTE_CAPTURED,SCHEME_INFORMATION_AVAILABLE,,False,REVIEW_NEW_PROGRAMME_FAMILY,1,meitybundle_7343829ad4f458172a33,DEEP_REVIEW,Programme family — SAMRIDH,,SAMRIDH,,meitychild_0c3806dab66dc7130584,0.86,,ACCELERATOR_PROGRAMME,41cf9bc59e6007d4c6ec2377 66d6230a6ecf9c5be6d5e12f 1d87b1fba4c754a5fda15edb 147173e17ea741687247 SAMRIDH https://msh.meity.gov.in/schemes/samridh https://msh.meity.gov.in/schemes/samridh 200 msh.meity.gov.in Google Chrome C:\Program Files\Google\Chrome\Application\chrome.exe 1.61.0 MeityStartupHub 2159 visible_text:startup accelerator of meity for product innovation development and growth VERIFIED_INFORMATION_PAGE 0.98 True COMPLETED 18 2026-07-13T09:18:57+00:00,meityev_75896f4ac47cb3a758a1;meityev_aede414fea6e8df35cab,False,False,,False,SAMRIDH,,1,True,554169ff4793eb23425bb8a55011094e9a987629e4ca2945bbe83d9a070835d3,0,False,https://msh.meity.gov.in/schemes/samridh,,SAMRIDH,,NOT_APPLICABLE,,NOT_APPLICABLE,,4,,programme;program;scheme;accelerator,False,CLOSING_DATE_CONTEXT_NOT_PROVEN;ALIASES_AND_EVIDENCE_CONSOLIDATED,,False,False,,,SCHEME_INFORMATION_AVAILABLE,True,meity380_bed083e35b84c665de04,meity380_79f29285e5756679d412;meity380_bed083e35b84c665de04,ACCELERATOR_PROGRAMME,meityev_75896f4ac47cb3a758a1,https://msh.meity.gov.in/schemes/samridh,,41cf9bc59e6007d4c6ec2377 66d6230a6ecf9c5be6d5e12f 1d87b1fba4c754a5fda15edb 147173e17ea741687247 SAMRIDH https://msh.meity.gov.in/schemes/samridh https://msh.meity.gov.in/schemes/samridh 200 msh.meity.gov.in Google Chrome C:\Program Files\Google\Chrome\Application\chrome.exe 1.61.0 MeityStartupHub 2159 visible_text:startup accelerator of meity for product innovation development and growth VERIFIED_INFORMATION_PAGE 0.98 True COMPLETED 18 2026-07-13T09:18:57+00:00,PERMANENT_PROGRAMME,Permanent programme,,NOT_APPLICABLE,,,,,,meitylink_9485c3d7629ef9672d78,SCHEME_INFORMATION_PAGE,MeityStartupHub,https://msh.meity.gov.in/schemes/samridh,"[{""passed"": true, ""code"": ""UPSTREAM_PROGRAMME_TYPE"", ""label"": ""The upstream identity is a programme""}, {""passed"": true, ""code"": ""PROGRAMME_MARKERS"", ""label"": ""Programme or scheme markers appear in the title or page""}, {""passed"": true, ""code"": ""NO_CALL_DEADLINE"", ""label"": ""No call closing date is proven""}, {""passed"": true, ""code"": ""NO_CURRENT_APPLY"", ""label"": ""No verified current Apply route""}]"
True,NO_APPLICATION_ROUTE_CAPTURED,SCHEME_INFORMATION_AVAILABLE,,False,CONFIRM_EXISTING_PROGRAMME_FAMILY,1,meitybundle_5cff784a4ae89905962c,BATCH_CONFIRMATION,Programme family — SASACT,,SASACT,,meitychild_01ab09b29b6907e0b71a,0.86,,PERMANENT_PROGRAMME,194b7ba77d6b53f30b91 meity_1c5c50d5e86fc876d0b3 SASACT Scheme for Accelerating Startups around Post-COVID Technology Opportunities (SASACT) https://msh.meity.gov.in/schemes/sasact VERIFIED_PERMANENT_SCHEME_IDENTITY true MEITY_SCHEME_SASACT 3 https://msh.meity.gov.in/schemes/sasact HISTORICAL_SCHEME_INFORMATION_AVAILABLE HISTORICAL_INFORMATION_ONLY 4 NOT_PUBLISHED,meityev_cf63b567f2965090d9ef;meityev_e264bdec8027c20fc8e9,False,False,,False,SASACT,,1,True,84a8e659962d86727ff9f8435dcdd384f5b311f5ac3b59b154bfa8957c1ff58a,0,False,https://msh.meity.gov.in/schemes/sasact,,SASACT,,NOT_APPLICABLE,,NOT_APPLICABLE,,4,,programme;program;scheme,False,ALIASES_AND_EVIDENCE_CONSOLIDATED,,False,False,,,SCHEME_INFORMATION_AVAILABLE,True,meity380_84d33ad7fb1d355f74ea,meity380_84d33ad7fb1d355f74ea;meity380_d47c6b4d57eede032edc,PERMANENT_SCHEME,meityev_cf63b567f2965090d9ef,https://msh.meity.gov.in/schemes/sasact,,194b7ba77d6b53f30b91 meity_1c5c50d5e86fc876d0b3 SASACT Scheme for Accelerating Startups around Post-COVID Technology Opportunities (SASACT) https://msh.meity.gov.in/schemes/sasact VERIFIED_PERMANENT_SCHEME_IDENTITY true MEITY_SCHEME_SASACT 3 https://msh.meity.gov.in/schemes/sasact HISTORICAL_SCHEME_INFORMATION_AVAILABLE HISTORICAL_INFORMATION_ONLY 4 NOT_PUBLISHED,PERMANENT_PROGRAMME,Permanent programme,,NOT_APPLICABLE,,,,,,meitylink_743e1f2208eebc3613ec,SCHEME_INFORMATION_PAGE,MeityStartupHub,https://msh.meity.gov.in/schemes/sasact,"[{""passed"": true, ""code"": ""UPSTREAM_PROGRAMME_TYPE"", ""label"": ""The upstream identity is a programme""}, {""passed"": true, ""code"": ""PROGRAMME_MARKERS"", ""label"": ""Programme or scheme markers appear in the title or page""}, {""passed"": true, ""code"": ""NO_CALL_DEADLINE"", ""label"": ""No call closing date is proven""}, {""passed"": true, ""code"": ""NO_CURRENT_APPLY"", ""label"": ""No verified current Apply route""}]"
True,NO_APPLICATION_ROUTE_CAPTURED,SCHEME_INFORMATION_AVAILABLE,,False,REVIEW_NEW_PROGRAMME_FAMILY,1,meitybundle_34bb1d1257613c635ece,DEEP_REVIEW,Programme family — TIDE 2.0,,TIDE 2.0,,meitychild_283ae3f4590c60c92d35,0.86,,INCUBATION_PROGRAMME,"6af79cf6c8a213dddce8 TIDE 2.0 TIDE 2.0 SCHEME Ministry of Electronics and Information Technology (MeitY) Ministry of Electronics and Information Technology (MeitY) Innovation and IPR Division, MeitY, in association with 51 incubation centres MeitY Startup Hub (MSH) HISTORICAL_INFORMATION_ONLY NO_CURRENT_APPLICATION_ROUTE_CONFIRMED Promote technology entrepreneurship through financial and technical support to incubators supporting ICT and emerging-technology startups addressing areas of societal relevance. The approved implementation model operated through designated incubation centres at institutes of higher learning and research organisations. Downstream support was intended for technology startups and entrepreneurs working with emerging technologies in approved thematic areas. No current application eligibility or open application window has been verified. Designated incubation centres",meityev_669e2128ebc52986e42b;meityev_a677d4847a9fbfb6d39a,False,False,,False,TIDE 2.0,,1,True,156e94d2e29e6c68050a8862aad8002c2eb0c11b2567b7b8a6b3ef81edb3eec9,0,False,https://msh.meity.gov.in/schemes/tide,,TIDE 2.0,,NOT_APPLICABLE,,NOT_APPLICABLE,,4,,programme;program;scheme;incubation;support,False,CLOSING_DATE_CONTEXT_NOT_PROVEN;OPENING_DATE_CONTEXT_NOT_PROVEN;ALIASES_AND_EVIDENCE_CONSOLIDATED,,False,False,,,SCHEME_INFORMATION_AVAILABLE,True,meity380_23d6c604911a8f7a77fa,meity380_23d6c604911a8f7a77fa;meity380_e737318caeca3a516b80,INCUBATION_PROGRAMME,meityev_a677d4847a9fbfb6d39a,https://msh.meity.gov.in/schemes/tide,,"6af79cf6c8a213dddce8 TIDE 2.0 TIDE 2.0 SCHEME Ministry of Electronics and Information Technology (MeitY) Ministry of Electronics and Information Technology (MeitY) Innovation and IPR Division, MeitY, in association with 51 incubation centres MeitY Startup Hub (MSH) HISTORICAL_INFORMATION_ONLY NO_CURRENT_APPLICATION_ROUTE_CONFIRMED Promote technology entrepreneurship through financial and technical support to incubators supporting ICT and emerging-technology startups addressing areas of societal relevance. The approved implementation model operated through designated incubation centres at institutes of higher learning and research organisations. Downstream support was intended for technology startups and entrepreneurs working with emerging technologies in approved thematic areas. No current application eligibility or open application window has been verified. Designated incubation centres, technology entrepreneurs and ICT or emerging-technology startups supported through those centres. Idea to proof of concept through Entrepreneur-in-Residence support; prototype development through grants; and product development or market outreach through investment support. Financial and technical",PERMANENT_PROGRAMME,Permanent programme,,NOT_APPLICABLE,,,,,,meitylink_66cd2cb850d07a7f5297,SCHEME_INFORMATION_PAGE,MeityStartupHub,https://msh.meity.gov.in/schemes/tide,"[{""passed"": true, ""code"": ""UPSTREAM_PROGRAMME_TYPE"", ""label"": ""The upstream identity is a programme""}, {""passed"": true, ""code"": ""PROGRAMME_MARKERS"", ""label"": ""Programme or scheme markers appear in the title or page""}, {""passed"": true, ""code"": ""NO_CALL_DEADLINE"", ""label"": ""No call closing date is proven""}, {""passed"": true, ""code"": ""NO_CURRENT_APPLY"", ""label"": ""No verified current Apply route""}]"
True,NO_APPLICATION_ROUTE_CAPTURED,SCHEME_INFORMATION_AVAILABLE,,False,CONFIRM_EXISTING_PROGRAMME_FAMILY,1,meitybundle_3a121f4066809c963640,BATCH_CONFIRMATION,Programme family — XR Startup Program,,XR Startup Program,,meitychild_cad924e545fdfea8a245,0.86,,ACCELERATOR_PROGRAMME,"meitycall_2f886d6194cb0b281a16 Xr Startup Program MeitY Startup Hub Ministry of Electronics and Information Technology (MeitY) MeitY Startup Hub APPLICATION_CALL CALL_INSTANCE 147173e17ea741687247 SAMRIDH CURATED_OFFICIAL_RELATIONSHIP https://msh.meity.gov.in/program/mshcorporate/xr-startup-program VERIFICATION_REQUIRED INSUFFICIENT_CURRENT_STATUS_EVIDENCE No verified current deadline and official application route were established. REQUIRES_ADMIN_VERIFICATION DIRECT_OR_REVIEW_REQUIRED UNKNOWN 0.600 True False Xr Startup Program Skip to main content meity-sthub@gov.in Contact : +91-11-24301244 ABOUT US SCHEMES PROGRAM NETWORKS RESOURCE MEDIA REGISTER LOGIN Shortlisted Startups XR Startup Program A program to discover, nurture, and accelerate XR technology startups across India. About the program XR Startup Program is a collaboration between Meta and MeitY Startup Hub (MSH). The program a",meityev_c47ccb479ae1c78be1a2,False,False,,False,SAMRIDH,,1,False,a7bb25b54875eeb1cc96b31a25a21362ab1ea709937d242e70198dc39bedead4,0,False,,,Xr Startup Program,,NOT_APPLICABLE,,NOT_APPLICABLE,,4,,programme;program;scheme;accelerator,False,,,False,False,,,SCHEME_INFORMATION_AVAILABLE,False,meity380_2b210dff922968dc1524,meity380_2b210dff922968dc1524,ACCELERATOR_PROGRAMME,meityev_c47ccb479ae1c78be1a2,https://msh.meity.gov.in/program/mshcorporate/xr-startup-program,,"meitycall_2f886d6194cb0b281a16 Xr Startup Program MeitY Startup Hub Ministry of Electronics and Information Technology (MeitY) MeitY Startup Hub APPLICATION_CALL CALL_INSTANCE 147173e17ea741687247 SAMRIDH CURATED_OFFICIAL_RELATIONSHIP https://msh.meity.gov.in/program/mshcorporate/xr-startup-program VERIFICATION_REQUIRED INSUFFICIENT_CURRENT_STATUS_EVIDENCE No verified current deadline and official application route were established. REQUIRES_ADMIN_VERIFICATION DIRECT_OR_REVIEW_REQUIRED UNKNOWN 0.600 True False Xr Startup Program Skip to main content meity-sthub@gov.in Contact : +91-11-24301244 ABOUT US SCHEMES PROGRAM NETWORKS RESOURCE MEDIA REGISTER LOGIN Shortlisted Startups XR Startup Program A program to discover, nurture, and accelerate XR technology startups across India. About the program XR Startup Program is a collaboration between Meta and MeitY Startup Hub (MSH). The program aims to accelerate India’s contribution towards building the foundations of the metaverse and nurturing the development of Extended Reality (XR) technologies in India. The metaverse is the next generation of the internet. It will be a set of digital spaces, including 3D experiences that are all inter",PERMANENT_PROGRAMME,Permanent programme,,NOT_APPLICABLE,,,,,,,,,,"[{""passed"": true, ""code"": ""UPSTREAM_PROGRAMME_TYPE"", ""label"": ""The upstream identity is a programme""}, {""passed"": true, ""code"": ""PROGRAMME_MARKERS"", ""label"": ""Programme or scheme markers appear in the title or page""}, {""passed"": true, ""code"": ""NO_CALL_DEADLINE"", ""label"": ""No call closing date is proven""}, {""passed"": true, ""code"": ""NO_CURRENT_APPLY"", ""label"": ""No verified current Apply route""}]"
True,GLOBAL_CURRENT_EVIDENCE_INCOMPLETE,HISTORICAL_CLOSED,,False,REVIEW_CURRENT_CALL,1,meitybundle_cd218483a181529020f2,DEEP_REVIEW,Historical/status review — Google Appscale Academy 2023,cohort,Google Appscale Academy 2023,,meitychild_0f95bbacb6f160303e98,0.95,,ACCELERATOR_COHORT,"MeityStartupHub Skip to main content meity-sthub@gov.in Contact : +91-11-24301244 A + A - A A A REGISTER LOGIN ABOUT US Organisation Profile Team DIC MSH logo usage guidelines Apply for MSH logo Newsletter Contact Us Innovation Patent & IPR Support SCHEMES SAMRIDH TIDE 2.0 SITAA SASACT GENESIS PROGRAM MSH Corporate SBI TALLY RAZORPAY PARTNERSHIP MATHWORKS MICRON SAMSUNG ""SOLVE FOR TOMORROW"" GOOGLE APPSCALE 2023 IMPACT BHUMI - BSF DRISHTI - SSB IHMCL META XR Startup Program Global Startup Bridge IFTECH BRUSSELS 2025 VIVATECH 2023 VIVATECH 2022 COE INCUBATOR NETWORKS Startups Incubators Mentors Accelerators COE Investors RESOURCE Labs Venue Space Co working space Equipment Startup School IPR Support MEDIA Press Releases Social Media News Gallery Events G20 DIA Overview Exhibition Program at Glance The Summit Speakers & Juries Gallery More Publications CAREERS MEDIA Press Releases Social Me",meityev_279f063ddebdb552547e;meityev_30f94c3b7b18340ad237;meityev_d6d3bc3ccbd8fe774541;meityev_ef515c83eb37389bb503,False,False,closed;2022;2023;2025,True,GENESIS,,2,False,539177a5142c107bd4dcf1b2c7191239e6cf653d29dfd2c4827fba4e5f8c8cc9,0,True,,,Google Appscale Academy 2023 Impact,STANDALONE_CALL_IDENTITY;INCIDENTAL_PARENT_LINK_REMOVED;INFERRED_FAMILY_CLEARED,UNRESOLVED,,LINKED_TO_CALL_CANDIDATE,,2,,program;scheme;accelerator;support,False,PARENT_UNRESOLVED;OPENING_DATE_CONTEXT_NOT_PROVEN;CLOSING_DATE_CONTEXT_NOT_PROVEN;ALIASES_AND_EVIDENCE_CONSOLIDATED,https://msh.meity.gov.in/about/applyforthelogo,False,False,,,HISTORICAL_CLOSED,False,meity380_2cd816826189dd59f2ee,meity380_2a55c0736beab7bf7eff;meity380_2cd816826189dd59f2ee;meity380_575291188156ba0e29b1;meity380_c514ac8a22eee69b1b43,RESULT_ANNOUNCEMENT,meityev_d6d3bc3ccbd8fe774541,https://msh.meity.gov.in/program/mshcorporate/googleappscale,Google Appscale Academy,"MeityStartupHub Skip to main content meity-sthub@gov.in Contact : +91-11-24301244 A + A - A A A REGISTER LOGIN ABOUT US Organisation Profile Team DIC MSH logo usage guidelines Apply for MSH logo Newsletter Contact Us Innovation Patent & IPR Support SCHEMES SAMRIDH TIDE 2.0 SITAA SASACT GENESIS PROGRAM MSH Corporate SBI TALLY RAZORPAY PARTNERSHIP MATHWORKS MICRON SAMSUNG ""SOLVE FOR TOMORROW"" GOOGLE APPSCALE 2023 IMPACT BHUMI - BSF DRISHTI - SSB IHMCL META XR Startup Program Global Startup Bridge IFTECH BRUSSELS 2025 VIVATECH 2023 VIVATECH 2022 COE INCUBATOR NETWORKS Startups Incubators Mentors Accelerators COE Investors RESOURCE Labs Venue Space Co working space Equipment Startup School IPR Support MEDIA Press Releases Social Media News Gallery Events G20 DIA Overview Exhibition Program at Glance The Summit Speakers & Juries Gallery More Publications CAREERS MEDIA Press Releases Social Media News Gallery EVENTS G20 DIA Overview Exhibition Program at Glance The Summit Speakers & Juries Gallery More REGISTER LOGIN PARTICIPATE MedTech OCP 4.0 MedTech is a Center of Entrepreneurship in the field of MediElectronics and Health Deadline: Mar 29, 2023 PROGRAMS > MSH CORPORATE > GOOGLE APPSC",HISTORICAL_REFERENCE,Historical reference,TITLE_YEAR:2023;HISTORICAL_TITLE_WITHOUT_REOPEN_EVIDENCE,HISTORICAL_BY_TITLE_OR_DEADLINE,2023,,,,,,,,,"[{""passed"": true, ""code"": ""TEMPORAL_HISTORICAL"", ""label"": ""Past year or deadline evidence was found""}, {""passed"": true, ""code"": ""NO_CURRENT_APPLY"", ""label"": ""No verified current Apply route""}]"
True,NO_APPLICATION_ROUTE_CAPTURED,VERIFICATION_REQUIRED,,False,CONFIRM_CALL_OR_CHALLENGE_GROUP,1,meitybundle_efe851fe2236a1b3957a,BATCH_CONFIRMATION,Calls/challenges — CREST Semiconductor Accelerator — ACCELERATOR_COHORT,cohort,CREST Semiconductor Accelerator for Early-Stage Startups,,meitychild_1f6c12c61b14cbd354b6,0.84,,ACCELERATOR_COHORT,"meitycall_0c7011d0b31e008b13b8 Micron CREST Semiconductor Accelerator for Early-Stage Startups https://msh.meity.gov.in/program/mshcorporate/micron The official page describes a launched accelerator, but the specific cohort window and historical closure are not yet evidenced. Recover cohort dates, selection result and applicant-layer evidence. True False Skip to main content meity-sthub@gov.in Contact : +91-11-24301244 ABOUT US SCHEMES PROGRAM NETWORKS RESOURCE MEDIA REGISTER LOGIN PROGRAMS > MSH CORPORATE > MICRON MEITY STARTUP HUB (MSH), MICRON AND PIEDS, CREST (BITS PILANI), LAUNCH A SEMICONDUCTOR ACCELERATOR FOR EARLY-STAGE STARTUPS MeitY Startup Hub (MSH) an independent division of the Ministry of Electronics & Information Technology (MeitY), Government of India in partnership with Micron and PIEDS, the Technology Business Incubator and Center for Research Excellence in Semiconducto",meityev_01881c85642c87cabfbf;meityev_8bfcb41b446cdd8725d2,False,False,result,False,CREST Semiconductor Accelerator,,1,False,557e9a63f26e7eabc3bbf99986560e2930b07c57bd01929898b8e7a77256f45e,2,False,,,CREST Semiconductor Accelerator for Early-Stage Startups,,TITLE_OR_URL_ALIAS_MATCH,meitycall_0c7011d0b31e008b13b8,MATCHED_EXISTING_PROGRAMME,Micron,1,CREST Semiconductor Accelerator,program;scheme;accelerator,False,ALIASES_AND_EVIDENCE_CONSOLIDATED,,False,False,,CREST Semiconductor Accelerator,VERIFICATION_REQUIRED,False,meity380_4addec90cfd2b6e4fc38,meity380_4addec90cfd2b6e4fc38;meity380_d84445d5a21cb05a9378,ACCELERATOR_COHORT,meityev_01881c85642c87cabfbf,https://msh.meity.gov.in/program/mshcorporate/micron,,"meitycall_0c7011d0b31e008b13b8 Micron CREST Semiconductor Accelerator for Early-Stage Startups https://msh.meity.gov.in/program/mshcorporate/micron The official page describes a launched accelerator, but the specific cohort window and historical closure are not yet evidenced. Recover cohort dates, selection result and applicant-layer evidence. True False Skip to main content meity-sthub@gov.in Contact : +91-11-24301244 ABOUT US SCHEMES PROGRAM NETWORKS RESOURCE MEDIA REGISTER LOGIN PROGRAMS > MSH CORPORATE > MICRON MEITY STARTUP HUB (MSH), MICRON AND PIEDS, CREST (BITS PILANI), LAUNCH A SEMICONDUCTOR ACCELERATOR FOR EARLY-STAGE STARTUPS MeitY Startup Hub (MSH) an independent division of the Ministry of Electronics & Information Technology (MeitY), Government of India in partnership with Micron and PIEDS, the Technology Business Incubator and Center for Research Excellence in Semiconductor Technologies (CREST) of BITS Pilani announced today the launch of CREST accelerator program for startups in Semiconductor domain. The accelerator program will curate a cohort of startups and provide each with funding of up to Rs. 10 Lacs, with an opportunity to raise further investment at the end ",ACCELERATOR_COHORT,Cohort or application window,,NOT_APPLICABLE,,,,,,,,,,"[{""passed"": true, ""code"": ""COHORT_MARKER"", ""label"": ""A cohort or application-window identity was found""}, {""passed"": false, ""code"": ""DEADLINE_PRESENT"", ""label"": ""A closing date is present""}, {""passed"": false, ""code"": ""APPLY_ROUTE_VERIFIED"", ""label"": ""A verified application route is present""}]"
True,NO_APPLICATION_ROUTE_CAPTURED,VERIFICATION_REQUIRED,,False,CONFIRM_CALL_OR_CHALLENGE_GROUP,1,meitybundle_25cfdc0d3bb00a1ff98f,BATCH_CONFIRMATION,Calls/challenges — SAMRIDH — ACCELERATOR_COHORT,cohort,SAMRIDH,,meitychild_571fe4d97b296191ad93,0.84,,ACCELERATOR_COHORT,"meity_call_review_samridh_first_round_v34201 147173e17ea741687247 SAMRIDH SAMRIDH First-Round Cohort COHORT_INSTANCE FIRST_ROUND https://msh.meity.gov.in/schemes/samridh HAS_COHORT_INSTANCE The official scheme page refers to a first-round cohort involving 22 accelerators and 175 startups. Create a separate historical cohort instance only after official opening dates, closing dates and cohort notice evidence are located. false OPEN NEEDS_CALL_EVIDENCE Do not merge first-round results or participant counts into the permanent SAMRIDH identity.",meityev_66176773e5c2d943b139;meityev_ee6cd7a7e2df48ef4737,False,False,result;results,False,SAMRIDH,,1,True,4062d4fc5bb5dc0b4375b555b4b524c6568f428a150740819a9d4affe7da34af,2,False,https://msh.meity.gov.in/schemes/samridh,,SAMRIDH,,DIRECT_PARENT_EVIDENCE,,MATCHED_DISCOVERED_PROGRAMME,SAMRIDH,1,SAMRIDH,scheme;accelerator,False,ALIASES_AND_EVIDENCE_CONSOLIDATED,,False,False,,SAMRIDH,VERIFICATION_REQUIRED,True,meity380_5594ed5732ac2f2b042a,meity380_103fdbe0eeb36b023d69;meity380_5594ed5732ac2f2b042a,ACCELERATOR_COHORT,meityev_66176773e5c2d943b139,https://msh.meity.gov.in/schemes/samridh,,"meity_call_review_samridh_first_round_v34201 147173e17ea741687247 SAMRIDH SAMRIDH First-Round Cohort COHORT_INSTANCE FIRST_ROUND https://msh.meity.gov.in/schemes/samridh HAS_COHORT_INSTANCE The official scheme page refers to a first-round cohort involving 22 accelerators and 175 startups. Create a separate historical cohort instance only after official opening dates, closing dates and cohort notice evidence are located. false OPEN NEEDS_CALL_EVIDENCE Do not merge first-round results or participant counts into the permanent SAMRIDH identity.",ACCELERATOR_COHORT,Cohort or application window,,NOT_APPLICABLE,,,,,,meitylink_55dcda924dbc3c7ab0a8,SCHEME_INFORMATION_PAGE,MeityStartupHub,https://msh.meity.gov.in/schemes/samridh,"[{""passed"": true, ""code"": ""COHORT_MARKER"", ""label"": ""A cohort or application-window identity was found""}, {""passed"": false, ""code"": ""DEADLINE_PRESENT"", ""label"": ""A closing date is present""}, {""passed"": false, ""code"": ""APPLY_ROUTE_VERIFIED"", ""label"": ""A verified application route is present""}]"
True,NO_APPLICATION_ROUTE_CAPTURED,VERIFICATION_REQUIRED,,False,CONFIRM_CALL_OR_CHALLENGE_GROUP,1,meitybundle_cbb20819e0e8d53bb281,BATCH_CONFIRMATION,Calls/challenges — SAMRIDH — CHALLENGE_CALL,,G20Diaoverview,challenge,meitychild_555a103f5b3bc0e50c86,0.9,,CHALLENGE_CALL,"meitycall_056b139f54fba2e7a8b3 G20Diaoverview MeitY Startup Hub Ministry of Electronics and Information Technology (MeitY) MeitY Startup Hub APPLICATION_CALL CALL_INSTANCE 147173e17ea741687247 SAMRIDH CURATED_OFFICIAL_RELATIONSHIP https://msh.meity.gov.in/g20dia/g20diaoverview VERIFICATION_REQUIRED INSUFFICIENT_CURRENT_STATUS_EVIDENCE No verified current deadline and official application route were established. REQUIRES_ADMIN_VERIFICATION DIRECT_OR_REVIEW_REQUIRED UNKNOWN 0.600 True False G20Diaoverview Skip to main content meity-sthub@gov.in Contact : +91-11-24301244 ABOUT US SCHEMES PROGRAM NETWORKS RESOURCE MEDIA REGISTER LOGIN G20 DIA > G20 DIA OVERVIEW G20- Digital Innovation Alliance Welcome to the G20 Digital Innovation Alliance Summit! India's presidency of the G20 Summit is a source of immense pride. As part of this presidency, the Ministry of Electronics and Information Technol",meityev_43f52647197988444a4a,False,False,2023,False,SAMRIDH,,1,False,834dc66270793efa240da5a6beb7aa38cb5c9445566c4b61dd26bba4d39adf84,2,False,,,G20Diaoverview,INFERRED_FAMILY_REPAIRED,DIRECT_PARENT_EVIDENCE,meitycall_2f886d6194cb0b281a16,MATCHED_EXISTING_PROGRAMME,Xr Startup Program,1,,program;scheme,False,,,False,False,meitycall_2f886d6194cb0b281a16,XR Startup Program,VERIFICATION_REQUIRED,False,meity380_846f9894ffa68dca7219,meity380_846f9894ffa68dca7219,CHALLENGE_CALL,meityev_43f52647197988444a4a,https://msh.meity.gov.in/g20dia/g20diaoverview,,"meitycall_056b139f54fba2e7a8b3 G20Diaoverview MeitY Startup Hub Ministry of Electronics and Information Technology (MeitY) MeitY Startup Hub APPLICATION_CALL CALL_INSTANCE 147173e17ea741687247 SAMRIDH CURATED_OFFICIAL_RELATIONSHIP https://msh.meity.gov.in/g20dia/g20diaoverview VERIFICATION_REQUIRED INSUFFICIENT_CURRENT_STATUS_EVIDENCE No verified current deadline and official application route were established. REQUIRES_ADMIN_VERIFICATION DIRECT_OR_REVIEW_REQUIRED UNKNOWN 0.600 True False G20Diaoverview Skip to main content meity-sthub@gov.in Contact : +91-11-24301244 ABOUT US SCHEMES PROGRAM NETWORKS RESOURCE MEDIA REGISTER LOGIN G20 DIA > G20 DIA OVERVIEW G20- Digital Innovation Alliance Welcome to the G20 Digital Innovation Alliance Summit! India's presidency of the G20 Summit is a source of immense pride. As part of this presidency, the Ministry of Electronics and Information Technology (MeitY), Government of India, and the MeitY Start-up Hub are organizing the G20 Digital Innovation Alliance Summit in Bengaluru at the Bangalore Palace, from August 17th to 19th, 2023. With the focal theme, 'Driving Digital Innovation for World Economies', the Summit anticipates substantial part",CHALLENGE_CALL,Challenge or hackathon,,NOT_APPLICABLE,,,,,,,,,,"[{""passed"": true, ""code"": ""CHALLENGE_MARKERS"", ""label"": ""Challenge, grand challenge or hackathon wording was found""}, {""passed"": false, ""code"": ""DEADLINE_PRESENT"", ""label"": ""A closing date is present""}, {""passed"": false, ""code"": ""APPLY_ROUTE_VERIFIED"", ""label"": ""A verified application route is present""}]"
True,NO_APPLICATION_ROUTE_CAPTURED,VERIFICATION_REQUIRED,,False,CONFIRM_CALL_OR_CHALLENGE_GROUP,2,meitybundle_cbb20819e0e8d53bb281,BATCH_CONFIRMATION,Calls/challenges — SAMRIDH — CHALLENGE_CALL,,Mathworks,challenge,meitychild_b46d834d2410579818b6,0.9,,CHALLENGE_CALL,"meitycall_c53a5b2578e3b03d7291 Mathworks MeitY Startup Hub Ministry of Electronics and Information Technology (MeitY) MeitY Startup Hub APPLICATION_CALL CALL_INSTANCE 147173e17ea741687247 SAMRIDH CURATED_OFFICIAL_RELATIONSHIP https://msh.meity.gov.in/program/mshcorporate/mathworks VERIFICATION_REQUIRED INSUFFICIENT_CURRENT_STATUS_EVIDENCE No verified current deadline and official application route were established. REQUIRES_ADMIN_VERIFICATION DIRECT_OR_REVIEW_REQUIRED UNKNOWN 0.600 True False Mathworks Skip to main content meity-sthub@gov.in Contact : +91-11-24301244 ABOUT US SCHEMES PROGRAM NETWORKS RESOURCE MEDIA REGISTER LOGIN PROGRAMS > MSH CORPORATE > MATHWORKS MEITY STARTUP HUB AND MATHWORKS PARTNER TO ACCELERATE DEEP TECH INNOVATION MeitY Startup Hub (MSH) has signed a Statement of Intent (SoI) with MathWorks to bolster India’s deep tech startup ecosystem, providing access to stat",meityev_9575399a57bd05effb18;meityev_db5a426f8ce9a0c86c00,False,False,,False,SAMRIDH,,1,True,834dc66270793efa240da5a6beb7aa38cb5c9445566c4b61dd26bba4d39adf84,2,False,https://msh.meity.gov.in/program/mshcorporate/mathworks,,Mathworks,INFERRED_FAMILY_REPAIRED,DIRECT_PARENT_EVIDENCE,meitycall_c53a5b2578e3b03d7291,MATCHED_EXISTING_PROGRAMME,Mathworks,1,MathWorks Startup Program,program;scheme;accelerator,False,ALIASES_AND_EVIDENCE_CONSOLIDATED,,False,False,meitycall_c53a5b2578e3b03d7291,MathWorks Startup Program,VERIFICATION_REQUIRED,False,meity380_bbcca6b3bb1ff6d1521c,meity380_971cd0162a4ac361665d;meity380_bbcca6b3bb1ff6d1521c,CHALLENGE_CALL,meityev_9575399a57bd05effb18,https://msh.meity.gov.in/program/mshcorporate/mathworks,,"meitycall_c53a5b2578e3b03d7291 Mathworks MeitY Startup Hub Ministry of Electronics and Information Technology (MeitY) MeitY Startup Hub APPLICATION_CALL CALL_INSTANCE 147173e17ea741687247 SAMRIDH CURATED_OFFICIAL_RELATIONSHIP https://msh.meity.gov.in/program/mshcorporate/mathworks VERIFICATION_REQUIRED INSUFFICIENT_CURRENT_STATUS_EVIDENCE No verified current deadline and official application route were established. REQUIRES_ADMIN_VERIFICATION DIRECT_OR_REVIEW_REQUIRED UNKNOWN 0.600 True False Mathworks Skip to main content meity-sthub@gov.in Contact : +91-11-24301244 ABOUT US SCHEMES PROGRAM NETWORKS RESOURCE MEDIA REGISTER LOGIN PROGRAMS > MSH CORPORATE > MATHWORKS MEITY STARTUP HUB AND MATHWORKS PARTNER TO ACCELERATE DEEP TECH INNOVATION MeitY Startup Hub (MSH) has signed a Statement of Intent (SoI) with MathWorks to bolster India’s deep tech startup ecosystem, providing access to state-of-the-art computational tools, advanced simulation models, and world-class training resources. As part of this partnership, MathWorks will provide complimentary access to over 100 products under its Accelerator Program, including MATLAB® and Simulink, for 12 months to all MeitY associated startup",CHALLENGE_CALL,Challenge or hackathon,,NOT_APPLICABLE,,,,,,meitylink_91700e7e9836022cf2ef,SCHEME_INFORMATION_PAGE,MeityStartupHub,https://msh.meity.gov.in/program/mshcorporate/mathworks,"[{""passed"": true, ""code"": ""CHALLENGE_MARKERS"", ""label"": ""Challenge, grand challenge or hackathon wording was found""}, {""passed"": false, ""code"": ""DEADLINE_PRESENT"", ""label"": ""A closing date is present""}, {""passed"": false, ""code"": ""APPLY_ROUTE_VERIFIED"", ""label"": ""A verified application route is present""}]"
True,NO_APPLICATION_ROUTE_CAPTURED,VERIFICATION_REQUIRED,,False,CONFIRM_CALL_OR_CHALLENGE_GROUP,3,meitybundle_cbb20819e0e8d53bb281,BATCH_CONFIRMATION,Calls/challenges — SAMRIDH — CHALLENGE_CALL,,Vivatech,challenge,meitychild_9598165b97fa5e4d0dc8,0.9,,CHALLENGE_CALL,"meitycall_f76675fa4a424f58ed0b Vivatech MeitY Startup Hub Ministry of Electronics and Information Technology (MeitY) MeitY Startup Hub APPLICATION_CALL CALL_INSTANCE 147173e17ea741687247 SAMRIDH CURATED_OFFICIAL_RELATIONSHIP https://msh.meity.gov.in/program/mshinternational/vivatech VERIFICATION_REQUIRED INSUFFICIENT_CURRENT_STATUS_EVIDENCE No verified current deadline and official application route were established. REQUIRES_ADMIN_VERIFICATION DIRECT_OR_REVIEW_REQUIRED UNKNOWN 0.600 True False Vivatech Skip to main content meity-sthub@gov.in Contact : +91-11-24301244 ABOUT US SCHEMES PROGRAM NETWORKS RESOURCE MEDIA REGISTER LOGIN PROGRAMS > Global Startup Bridge > VIVATECH VIVATECH 2022 VIVATECH is Europe’s biggest startup and tech event which accelerates innovation by connecting startups, tech leaders, major corporations, and investors responding to the world’s biggest challenges. From",meityev_ff742e241c6780ab58f4,False,False,2022,False,SAMRIDH,,1,True,834dc66270793efa240da5a6beb7aa38cb5c9445566c4b61dd26bba4d39adf84,2,False,https://msh.meity.gov.in/program/mshinternational/vivatech,,Vivatech,UNSUPPORTED_PARENT_LINK_REMOVED;INFERRED_FAMILY_CLEARED,UNRESOLVED,meitycall_f76675fa4a424f58ed0b,MATCHED_EXISTING_PROGRAMME,Vivatech,1,,program;scheme,False,,,False,False,,,VERIFICATION_REQUIRED,False,meity380_5c04fed0bf6368c68d90,meity380_5c04fed0bf6368c68d90,CHALLENGE_CALL,meityev_ff742e241c6780ab58f4,https://msh.meity.gov.in/program/mshinternational/vivatech,,"meitycall_f76675fa4a424f58ed0b Vivatech MeitY Startup Hub Ministry of Electronics and Information Technology (MeitY) MeitY Startup Hub APPLICATION_CALL CALL_INSTANCE 147173e17ea741687247 SAMRIDH CURATED_OFFICIAL_RELATIONSHIP https://msh.meity.gov.in/program/mshinternational/vivatech VERIFICATION_REQUIRED INSUFFICIENT_CURRENT_STATUS_EVIDENCE No verified current deadline and official application route were established. REQUIRES_ADMIN_VERIFICATION DIRECT_OR_REVIEW_REQUIRED UNKNOWN 0.600 True False Vivatech Skip to main content meity-sthub@gov.in Contact : +91-11-24301244 ABOUT US SCHEMES PROGRAM NETWORKS RESOURCE MEDIA REGISTER LOGIN PROGRAMS > Global Startup Bridge > VIVATECH VIVATECH 2022 VIVATECH is Europe’s biggest startup and tech event which accelerates innovation by connecting startups, tech leaders, major corporations, and investors responding to the world’s biggest challenges. From keynote speakers and exhibits to labs and live experiences, VIVATECH 2022 was a celebration of today’s innovative technologies that have the power to transform the future. India was the “Country of the Year” partner of VIVATECH 2022 in Paris. MeitY Startup Hub delegation participated in the 4-day e",CHALLENGE_CALL,Challenge or hackathon,,NOT_APPLICABLE,,,,,,meitylink_20856bd2d08dc7de2b11,SCHEME_INFORMATION_PAGE,MeityStartupHub,https://msh.meity.gov.in/program/mshinternational/vivatech,"[{""passed"": true, ""code"": ""CHALLENGE_MARKERS"", ""label"": ""Challenge, grand challenge or hackathon wording was found""}, {""passed"": false, ""code"": ""DEADLINE_PRESENT"", ""label"": ""A closing date is present""}, {""passed"": false, ""code"": ""APPLY_ROUTE_VERIFIED"", ""label"": ""A verified application route is present""}]"
True,NO_APPLICATION_ROUTE_CAPTURED,VERIFICATION_REQUIRED,,False,CONFIRM_CALL_OR_CHALLENGE_GROUP,1,meitybundle_15b24282b311cf2d676a,BATCH_CONFIRMATION,Calls/challenges — SAMRIDH — GRAND_CHALLENGE,,DRISHTI – SSB Grand Challenge on Strengthening Border Security,challenge;grand challenge;hackathon,meitychild_3f570c67b538b47182b0,0.9,,GRAND_CHALLENGE,meitycall_533fd1397d9885d223d2 Drishti MeitY Startup Hub Ministry of Electronics and Information Technology (MeitY) MeitY Startup Hub APPLICATION_CALL CALL_INSTANCE 147173e17ea741687247 SAMRIDH CURATED_OFFICIAL_RELATIONSHIP https://msh.meity.gov.in/program/mshcorporate/drishti VERIFICATION_REQUIRED INSUFFICIENT_CURRENT_STATUS_EVIDENCE No verified current deadline and official application route were established. REQUIRES_ADMIN_VERIFICATION DIRECT_OR_REVIEW_REQUIRED UNKNOWN 0.600 True False Drishti Skip to main content meity-sthub@gov.in Contact : +91-11-24301244 ABOUT US SCHEMES PROGRAM NETWORKS RESOURCE MEDIA REGISTER LOGIN PROGRAMS > MSH CORPORATE > DRISHTI - SSB DRISHTI - SSB Background: MeitY in partnership with Sashastra Seema Bal (SSB) had undertaken a Grand Challenge on Strengthening Border Security entitled 'DRISHTI' (Development of Researched Indigenous Solutions – Hackathon for ,meityev_1a0a8edeba7b36a22789;meityev_666df4b00909d6ce3a8d;meityev_9fb8ffb8ab71609110cc,False,False,,False,SAMRIDH,,1,False,d9613863a1219e5ba18eb045fb3372150c7b351cb19c181f31531760cbfe3697,2,False,,,Drishti,STANDALONE_CALL_IDENTITY;INCIDENTAL_PARENT_LINK_REMOVED;INFERRED_FAMILY_CLEARED,UNRESOLVED,meitycall_2f886d6194cb0b281a16,MATCHED_EXISTING_PROGRAMME,Xr Startup Program,1,,program;scheme;platform,False,PARENT_UNRESOLVED;ALIASES_AND_EVIDENCE_CONSOLIDATED,,False,False,,,VERIFICATION_REQUIRED,False,meity380_2c9c3c37e1feb8646d16,meity380_2c9c3c37e1feb8646d16;meity380_5a3f2094107fd24c805a;meity380_ad68af5a09f81689d5d5,GRAND_CHALLENGE,meityev_9fb8ffb8ab71609110cc,https://msh.meity.gov.in/program/mshcorporate/drishti,DRISHTI – SSB Grand Challenge on Strengthening Border Security,"meitycall_533fd1397d9885d223d2 Drishti MeitY Startup Hub Ministry of Electronics and Information Technology (MeitY) MeitY Startup Hub APPLICATION_CALL CALL_INSTANCE 147173e17ea741687247 SAMRIDH CURATED_OFFICIAL_RELATIONSHIP https://msh.meity.gov.in/program/mshcorporate/drishti VERIFICATION_REQUIRED INSUFFICIENT_CURRENT_STATUS_EVIDENCE No verified current deadline and official application route were established. REQUIRES_ADMIN_VERIFICATION DIRECT_OR_REVIEW_REQUIRED UNKNOWN 0.600 True False Drishti Skip to main content meity-sthub@gov.in Contact : +91-11-24301244 ABOUT US SCHEMES PROGRAM NETWORKS RESOURCE MEDIA REGISTER LOGIN PROGRAMS > MSH CORPORATE > DRISHTI - SSB DRISHTI - SSB Background: MeitY in partnership with Sashastra Seema Bal (SSB) had undertaken a Grand Challenge on Strengthening Border Security entitled 'DRISHTI' (Development of Researched Indigenous Solutions – Hackathon for Technological Innovations) through MSH platform to identify impactful solutions from startups to address the problem statements identified by SSB with an overall outlay of Rs. 65 Lakh. It was envisaged to use the solutions developed by the start-ups to augment, improve and scale the Border security ",CHALLENGE_CALL,Challenge or hackathon,,NOT_APPLICABLE,,,,,,,,,,"[{""passed"": true, ""code"": ""CHALLENGE_MARKERS"", ""label"": ""Challenge, grand challenge or hackathon wording was found""}, {""passed"": false, ""code"": ""DEADLINE_PRESENT"", ""label"": ""A closing date is present""}, {""passed"": false, ""code"": ""APPLY_ROUTE_VERIFIED"", ""label"": ""A verified application route is present""}]"
True,NO_APPLICATION_ROUTE_CAPTURED,VERIFICATION_REQUIRED,,False,CONFIRM_CALL_OR_CHALLENGE_GROUP,1,meitybundle_4b1b886478e692555a3f,BATCH_CONFIRMATION,Calls/challenges — SAMRIDH — HACKATHON,,BHUMI – BSF Border Security Hackathon,hackathon,meitychild_ccefa6d9dd1eba772557,0.9,,HACKATHON,"meitycall_a95e53af41b5c53999cf Bhumi MeitY Startup Hub Ministry of Electronics and Information Technology (MeitY) MeitY Startup Hub APPLICATION_CALL CALL_INSTANCE 147173e17ea741687247 SAMRIDH CURATED_OFFICIAL_RELATIONSHIP https://msh.meity.gov.in/program/mshcorporate/bhumi VERIFICATION_REQUIRED INSUFFICIENT_CURRENT_STATUS_EVIDENCE No verified current deadline and official application route were established. REQUIRES_ADMIN_VERIFICATION DIRECT_OR_REVIEW_REQUIRED UNKNOWN 0.600 True False Bhumi Skip to main content meity-sthub@gov.in Contact : +91-11-24301244 ABOUT US SCHEMES PROGRAM NETWORKS RESOURCE MEDIA REGISTER LOGIN PROGRAMS > MSH CORPORATE > BHUMI – BSF BHUMI – BSF Background: To leverage the innovations created by the Indian entrepreneurs and to build on the mission of Atmanirbhar Bharat, Border Security Forces (BSF) seeks to organize Hackathons with Indian startups and premier Insti",meityev_09611861e39a9da2dafa;meityev_50bd2f238812171aeb6e,False,False,,False,SAMRIDH,,1,False,4a46025e7a83e18eb5a0219fab9fe38c09222d993a3feedb96b3e7731f5f6417,2,False,,,Bhumi,STANDALONE_CALL_IDENTITY;INCIDENTAL_PARENT_LINK_REMOVED;INFERRED_FAMILY_CLEARED,UNRESOLVED,meitycall_2f886d6194cb0b281a16,MATCHED_EXISTING_PROGRAMME,Xr Startup Program,1,,program;scheme;platform;mission,False,PARENT_UNRESOLVED;ALIASES_AND_EVIDENCE_CONSOLIDATED,,False,False,,,VERIFICATION_REQUIRED,False,meity380_94bf8d81056f9d9c5192,meity380_8614c5782161d16c9ed0;meity380_94bf8d81056f9d9c5192,HACKATHON,meityev_09611861e39a9da2dafa,https://msh.meity.gov.in/program/mshcorporate/bhumi,BHUMI – BSF Border Security Hackathon,"meitycall_a95e53af41b5c53999cf Bhumi MeitY Startup Hub Ministry of Electronics and Information Technology (MeitY) MeitY Startup Hub APPLICATION_CALL CALL_INSTANCE 147173e17ea741687247 SAMRIDH CURATED_OFFICIAL_RELATIONSHIP https://msh.meity.gov.in/program/mshcorporate/bhumi VERIFICATION_REQUIRED INSUFFICIENT_CURRENT_STATUS_EVIDENCE No verified current deadline and official application route were established. REQUIRES_ADMIN_VERIFICATION DIRECT_OR_REVIEW_REQUIRED UNKNOWN 0.600 True False Bhumi Skip to main content meity-sthub@gov.in Contact : +91-11-24301244 ABOUT US SCHEMES PROGRAM NETWORKS RESOURCE MEDIA REGISTER LOGIN PROGRAMS > MSH CORPORATE > BHUMI – BSF BHUMI – BSF Background: To leverage the innovations created by the Indian entrepreneurs and to build on the mission of Atmanirbhar Bharat, Border Security Forces (BSF) seeks to organize Hackathons with Indian startups and premier Institutions for cost effective solutions to strengthen the border security scenario. In compliance to the directions, Ministry of Electronics & IT Startup Hub (MeitY Startup Hub) is collaborating with BSF to provide access to the platform, resources, startups, and institutions which can be engaged in th",CHALLENGE_CALL,Challenge or hackathon,,NOT_APPLICABLE,,,,,,,,,,"[{""passed"": true, ""code"": ""CHALLENGE_MARKERS"", ""label"": ""Challenge, grand challenge or hackathon wording was found""}, {""passed"": false, ""code"": ""DEADLINE_PRESENT"", ""label"": ""A closing date is present""}, {""passed"": false, ""code"": ""APPLY_ROUTE_VERIFIED"", ""label"": ""A verified application route is present""}]"
True,NO_APPLICATION_ROUTE_CAPTURED,VERIFICATION_REQUIRED,,False,CONFIRM_CALL_OR_CHALLENGE_GROUP,2,meitybundle_4b1b886478e692555a3f,BATCH_CONFIRMATION,Calls/challenges — SAMRIDH — HACKATHON,,IHMCL Barrier-less Free-flow Tolling and Intelligent Traffic Management Hackathon,hackathon,meitychild_69d76272a22e953174e3,0.9,,HACKATHON,"meitycall_b2b15a80eaf08c64193e Ihmcl MeitY Startup Hub Ministry of Electronics and Information Technology (MeitY) MeitY Startup Hub APPLICATION_CALL CALL_INSTANCE 147173e17ea741687247 SAMRIDH CURATED_OFFICIAL_RELATIONSHIP https://msh.meity.gov.in/program/mshcorporate/ihmcl VERIFICATION_REQUIRED INSUFFICIENT_CURRENT_STATUS_EVIDENCE No verified current deadline and official application route were established. REQUIRES_ADMIN_VERIFICATION DIRECT_OR_REVIEW_REQUIRED UNKNOWN 0.600 True False Ihmcl Skip to main content meity-sthub@gov.in Contact : +91-11-24301244 ABOUT US SCHEMES PROGRAM NETWORKS RESOURCE MEDIA REGISTER LOGIN PROGRAMS > MSH CORPORATE > IHMCL BARRIER-LESS FREE-FLOW TOLLING SYSTEM AND INTELLIGENT TRAFFIC MANAGEMENT SYSTEM FOR IHMCL Background: With a view to leveraging the innovations by the Indian entrepreneurs and in line with mission of Digital India, Indian Highways Management",meityev_5cc2fd510fc1ae475e43;meityev_c0a5584a8490399a415a,False,False,,False,SAMRIDH,,1,False,4a46025e7a83e18eb5a0219fab9fe38c09222d993a3feedb96b3e7731f5f6417,2,False,,,Ihmcl,UNSUPPORTED_PARENT_LINK_REMOVED;INFERRED_FAMILY_CLEARED,UNRESOLVED,meitycall_b2b15a80eaf08c64193e,MATCHED_EXISTING_PROGRAMME,Ihmcl,1,,program;scheme;mission,False,ALIASES_AND_EVIDENCE_CONSOLIDATED,,False,False,,,VERIFICATION_REQUIRED,False,meity380_cf8f3e21f48a5eaa8ed4,meity380_1b40f41e18665500531d;meity380_cf8f3e21f48a5eaa8ed4,HACKATHON,meityev_c0a5584a8490399a415a,https://msh.meity.gov.in/program/mshcorporate/ihmcl,,"meitycall_b2b15a80eaf08c64193e Ihmcl MeitY Startup Hub Ministry of Electronics and Information Technology (MeitY) MeitY Startup Hub APPLICATION_CALL CALL_INSTANCE 147173e17ea741687247 SAMRIDH CURATED_OFFICIAL_RELATIONSHIP https://msh.meity.gov.in/program/mshcorporate/ihmcl VERIFICATION_REQUIRED INSUFFICIENT_CURRENT_STATUS_EVIDENCE No verified current deadline and official application route were established. REQUIRES_ADMIN_VERIFICATION DIRECT_OR_REVIEW_REQUIRED UNKNOWN 0.600 True False Ihmcl Skip to main content meity-sthub@gov.in Contact : +91-11-24301244 ABOUT US SCHEMES PROGRAM NETWORKS RESOURCE MEDIA REGISTER LOGIN PROGRAMS > MSH CORPORATE > IHMCL BARRIER-LESS FREE-FLOW TOLLING SYSTEM AND INTELLIGENT TRAFFIC MANAGEMENT SYSTEM FOR IHMCL Background: With a view to leveraging the innovations by the Indian entrepreneurs and in line with mission of Digital India, Indian Highways Management Company Limited (IHMCL) in collaboration with MeitY Startup Hub (MSH) organized a Hackathon with Indian start-ups for cost effective smart tolling solutions-based Barrier-less Free-flow Tolling System and Intelligent Traffic Management System. Read More >> Get to Know Terms & Conditions Sitemap Car",CHALLENGE_CALL,Challenge or hackathon,,NOT_APPLICABLE,,,,,,,,,,"[{""passed"": true, ""code"": ""CHALLENGE_MARKERS"", ""label"": ""Challenge, grand challenge or hackathon wording was found""}, {""passed"": false, ""code"": ""DEADLINE_PRESENT"", ""label"": ""A closing date is present""}, {""passed"": false, ""code"": ""APPLY_ROUTE_VERIFIED"", ""label"": ""A verified application route is present""}]"
True,NO_APPLICATION_ROUTE_CAPTURED,VERIFICATION_REQUIRED,,False,CONFIRM_CALL_OR_CHALLENGE_GROUP,1,meitybundle_c3e0809d2cc6f8255260,BATCH_CONFIRMATION,Calls/challenges — XR Startup Program — CHALLENGE_CALL,cohort,XR Startup Program,challenge,meitychild_6b38c86a4eee7308abac,0.9,,CHALLENGE_CALL,"meitycall_2f886d6194cb0b281a16 Xr Startup Program XR Startup Program https://msh.meity.gov.in/program/mshcorporate/xr-startup-program A startup accelerator programme identity is established, but no dated application call or completed cohort instance is currently separated from the permanent programme page. Discover and link individual accelerator or grand-challenge cohort windows. True False Skip to main content meity-sthub@gov.in Contact : +91-11-24301244 ABOUT US SCHEMES PROGRAM NETWORKS RESOURCE MEDIA REGISTER LOGIN Shortlisted Startups XR Startup Program A program to discover, nurture, and accelerate XR technology startups across India. About the program XR Startup Program is a collaboration between Meta and MeitY Startup Hub (MSH). The program aims to accelerate India’s contribution towards building the foundations of the metaverse and nurturing the development of Extended Reality (",meityev_a8e4eb7b7320c34309f0;meityev_d3a0b557f4434715fb97,False,False,,False,XR Startup Program,,1,False,36e95a3662e121df8b097ca30a30bf4c23ff3df5854d9f29aadae8f349bba1aa,2,False,,,XR Startup Program,,DIRECT_PARENT_EVIDENCE,meitycall_2f886d6194cb0b281a16,MATCHED_EXISTING_PROGRAMME,Xr Startup Program,1,XR Startup Program,programme;program;scheme;accelerator,False,ALIASES_AND_EVIDENCE_CONSOLIDATED,,False,False,meitycall_2f886d6194cb0b281a16,XR Startup Program,VERIFICATION_REQUIRED,False,meity380_ff5b65d75a51ac3d7f1d,meity380_e2809214946622f65fbc;meity380_ff5b65d75a51ac3d7f1d,CHALLENGE_CALL,meityev_d3a0b557f4434715fb97,https://msh.meity.gov.in/program/mshcorporate/xr-startup-program,,"meitycall_2f886d6194cb0b281a16 Xr Startup Program XR Startup Program https://msh.meity.gov.in/program/mshcorporate/xr-startup-program A startup accelerator programme identity is established, but no dated application call or completed cohort instance is currently separated from the permanent programme page. Discover and link individual accelerator or grand-challenge cohort windows. True False Skip to main content meity-sthub@gov.in Contact : +91-11-24301244 ABOUT US SCHEMES PROGRAM NETWORKS RESOURCE MEDIA REGISTER LOGIN Shortlisted Startups XR Startup Program A program to discover, nurture, and accelerate XR technology startups across India. About the program XR Startup Program is a collaboration between Meta and MeitY Startup Hub (MSH). The program aims to accelerate India’s contribution towards building the foundations of the metaverse and nurturing the development of Extended Reality (XR) technologies in India. The metaverse is the next generation of the internet. It will be a set of digital spaces, including 3D experiences that are all interconnected so people can easily move between them and will let people do things they could not do in the physical world. While the defining q",CHALLENGE_CALL,Challenge or hackathon,,NOT_APPLICABLE,,,,,,,,,,"[{""passed"": true, ""code"": ""CHALLENGE_MARKERS"", ""label"": ""Challenge, grand challenge or hackathon wording was found""}, {""passed"": false, ""code"": ""DEADLINE_PRESENT"", ""label"": ""A closing date is present""}, {""passed"": false, ""code"": ""APPLY_ROUTE_VERIFIED"", ""label"": ""A verified application route is present""}]"
True,NO_APPLICATION_ROUTE_CAPTURED,VERIFICATION_REQUIRED,,False,CONFIRM_CALL_OR_CHALLENGE_GROUP,1,meitybundle_309481c1ff310698dcfe,BATCH_CONFIRMATION,Calls/challenges — inviting applications agrienics grand challenge — GRAND_CHALLENGE,inviting applications,Inviting Applications Agrienics Grand Challenge,challenge;grand challenge,meitychild_08dba9dc08b87e500754,0.9,,GRAND_CHALLENGE,,meityev_6ea11fc43306ed33cda0,False,False,,False,inviting applications agrienics grand challenge,,1,True,78750e404531674d0a8256e7b9d1a6a74833fa5f5ec3f63ae4872665cffde253,2,False,https://www.meity.gov.in/content/inviting-applications-agrienics-grand-challenge,,Inviting Applications Agrienics Grand Challenge,UNSUPPORTED_PARENT_LINK_REMOVED;INFERRED_FAMILY_CLEARED,UNRESOLVED,,PARENT_REQUIRES_ADMIN_VERIFICATION,,1,,,False,PARENT_UNRESOLVED,,False,False,,,VERIFICATION_REQUIRED,True,meity380_9e21a5ee4a964488f9dd,meity380_9e21a5ee4a964488f9dd,GRAND_CHALLENGE,meityev_6ea11fc43306ed33cda0,https://www.meity.gov.in/content/inviting-applications-agrienics-grand-challenge,,,CHALLENGE_CALL,Challenge or hackathon,,NOT_APPLICABLE,,,,,,meitylink_e1d7853829a4f35f063d,CALL_INFORMATION_PAGE,Access Denied,https://www.meity.gov.in/content/inviting-applications-agrienics-grand-challenge,"[{""passed"": true, ""code"": ""CHALLENGE_MARKERS"", ""label"": ""Challenge, grand challenge or hackathon wording was found""}, {""passed"": false, ""code"": ""DEADLINE_PRESENT"", ""label"": ""A closing date is present""}, {""passed"": false, ""code"": ""APPLY_ROUTE_VERIFIED"", ""label"": ""A verified application route is present""}]"
True,GLOBAL_CURRENT_EVIDENCE_INCOMPLETE,HISTORICAL_CLOSED,,False,CONFIRM_HISTORICAL_GROUP,1,meitybundle_f96e74002f226b88bfca,BATCH_CONFIRMATION,Historical evidence — GENESIS,,Advancing India’s Startup Ecosystem: MeitY Startup Hub & Razorpay Partnership,,meitychild_378d06aa7453e109999b,0.92,,RESULT_ANNOUNCEMENT,"MeityStartupHub Skip to main content meity-sthub@gov.in Contact : +91-11-24301244 A + A - A A A REGISTER LOGIN ABOUT US Organisation Profile Team DIC MSH logo usage guidelines Apply for MSH logo Newsletter Contact Us Innovation Patent & IPR Support SCHEMES SAMRIDH TIDE 2.0 SITAA SASACT GENESIS PROGRAM MSH Corporate SBI TALLY RAZORPAY PARTNERSHIP MATHWORKS MICRON SAMSUNG ""SOLVE FOR TOMORROW"" GOOGLE APPSCALE 2023 IMPACT BHUMI - BSF DRISHTI - SSB IHMCL META XR Startup Program Global Startup Bridge IFTECH BRUSSELS 2025 VIVATECH 2023 VIVATECH 2022 COE INCUBATOR NETWORKS Startups Incubators Mentors Accelerators COE Investors RESOURCE Labs Venue Space Co working space Equipment Startup School IPR Support MEDIA Press Releases Social Media News Gallery Events G20 DIA Overview Exhibition Program at Glance The Summit Speakers & Juries Gallery More Publications CAREERS MEDIA Press Releases Social Me",meityev_fdcbbebf24f2144180f7,False,False,result;2022;2023;2025,False,GENESIS,,2,False,410c2fb331b26f92773a273e41e80b2438d45869d1b3669966734a9d14866d63,0,True,,,Advancing India’s Startup Ecosystem: MeitY Startup Hub & Razorpay Partnership,UNSUPPORTED_PARENT_LINK_REMOVED;INFERRED_FAMILY_CLEARED,UNRESOLVED,,RELATED_CALL_REQUIRES_ADMIN_VERIFICATION,,2,,program;scheme;accelerator;support,False,RELATED_CALL_UNRESOLVED;OPENING_DATE_CONTEXT_NOT_PROVEN;CLOSING_DATE_CONTEXT_NOT_PROVEN;FOOTER_DATE_REMOVED;FOOTER_OR_PAGE_DATE_REMOVED,https://msh.meity.gov.in/about/applyforthelogo,False,False,,,VERIFICATION_REQUIRED,False,meity380_c91d338b4e9ceb62bb73,meity380_c91d338b4e9ceb62bb73,RESULT_ANNOUNCEMENT,meityev_fdcbbebf24f2144180f7,https://msh.meity.gov.in/program/mshcorporate/razorpaypartnership,,"MeityStartupHub Skip to main content meity-sthub@gov.in Contact : +91-11-24301244 A + A - A A A REGISTER LOGIN ABOUT US Organisation Profile Team DIC MSH logo usage guidelines Apply for MSH logo Newsletter Contact Us Innovation Patent & IPR Support SCHEMES SAMRIDH TIDE 2.0 SITAA SASACT GENESIS PROGRAM MSH Corporate SBI TALLY RAZORPAY PARTNERSHIP MATHWORKS MICRON SAMSUNG ""SOLVE FOR TOMORROW"" GOOGLE APPSCALE 2023 IMPACT BHUMI - BSF DRISHTI - SSB IHMCL META XR Startup Program Global Startup Bridge IFTECH BRUSSELS 2025 VIVATECH 2023 VIVATECH 2022 COE INCUBATOR NETWORKS Startups Incubators Mentors Accelerators COE Investors RESOURCE Labs Venue Space Co working space Equipment Startup School IPR Support MEDIA Press Releases Social Media News Gallery Events G20 DIA Overview Exhibition Program at Glance The Summit Speakers & Juries Gallery More Publications CAREERS MEDIA Press Releases Social Media News Gallery EVENTS G20 DIA Overview Exhibition Program at Glance The Summit Speakers & Juries Gallery More REGISTER LOGIN PARTICIPATE MedTech OCP 4.0 MedTech is a Center of Entrepreneurship in the field of MediElectronics and Health Deadline: Mar 29, 2023 PROGRAMS > MSH CORPORATE > RAZORPAY PAR",RESULT_ANNOUNCEMENT,Result announcement,,CURRENT_STATUS_NOT_PROVEN,,,,,,,,,,"[{""passed"": true, ""code"": ""RESULT_ROLE"", ""label"": ""The page is a result or selection announcement""}, {""passed"": true, ""code"": ""NO_CURRENT_APPLY"", ""label"": ""No verified current Apply route""}]"
True,GLOBAL_CURRENT_EVIDENCE_INCOMPLETE,HISTORICAL_CLOSED,,False,CONFIRM_HISTORICAL_GROUP,2,meitybundle_f96e74002f226b88bfca,BATCH_CONFIRMATION,Historical evidence — GENESIS,,XR Startup Program,,meitychild_1e9c1875072fc1cf487b,0.92,,RESULT_ANNOUNCEMENT,"MeityStartupHub Skip to main content meity-sthub@gov.in Contact : +91-11-24301244 A + A - A A A REGISTER LOGIN ABOUT US Organisation Profile Team DIC MSH logo usage guidelines Apply for MSH logo Newsletter Contact Us Innovation Patent & IPR Support SCHEMES SAMRIDH TIDE 2.0 SITAA SASACT GENESIS PROGRAM MSH Corporate SBI TALLY RAZORPAY PARTNERSHIP MATHWORKS MICRON SAMSUNG ""SOLVE FOR TOMORROW"" GOOGLE APPSCALE 2023 IMPACT BHUMI - BSF DRISHTI - SSB IHMCL META XR Startup Program Global Startup Bridge IFTECH BRUSSELS 2025 VIVATECH 2023 VIVATECH 2022 COE INCUBATOR NETWORKS Startups Incubators Mentors Accelerators COE Investors RESOURCE Labs Venue Space Co working space Equipment Startup School IPR Support MEDIA Press Releases Social Media News Gallery Events G20 DIA Overview Exhibition Program at Glance The Summit Speakers & Juries Gallery More Publications CAREERS MEDIA Press Releases Social Me",meityev_a1dcfdf652320f999ed5,False,False,result;2022;2023;2025,False,GENESIS,,2,False,410c2fb331b26f92773a273e41e80b2438d45869d1b3669966734a9d14866d63,0,True,,,XR Startup Program,INFERRED_FAMILY_REPAIRED,DIRECT_PARENT_EVIDENCE,meitycall_2f886d6194cb0b281a16,LINKED_TO_CALL_CANDIDATE,Xr Startup Program,2,XR Startup Program,program;scheme;accelerator;support,False,OPENING_DATE_CONTEXT_NOT_PROVEN;CLOSING_DATE_CONTEXT_NOT_PROVEN,https://msh.meity.gov.in/about/applyforthelogo,False,False,meitycall_2f886d6194cb0b281a16,XR Startup Program,VERIFICATION_REQUIRED,False,meity380_d529daa3546fbbb07c5c,meity380_d529daa3546fbbb07c5c,RESULT_ANNOUNCEMENT,meityev_a1dcfdf652320f999ed5,https://msh.meity.gov.in/program/mshcorporate/xr-startup-program,,"MeityStartupHub Skip to main content meity-sthub@gov.in Contact : +91-11-24301244 A + A - A A A REGISTER LOGIN ABOUT US Organisation Profile Team DIC MSH logo usage guidelines Apply for MSH logo Newsletter Contact Us Innovation Patent & IPR Support SCHEMES SAMRIDH TIDE 2.0 SITAA SASACT GENESIS PROGRAM MSH Corporate SBI TALLY RAZORPAY PARTNERSHIP MATHWORKS MICRON SAMSUNG ""SOLVE FOR TOMORROW"" GOOGLE APPSCALE 2023 IMPACT BHUMI - BSF DRISHTI - SSB IHMCL META XR Startup Program Global Startup Bridge IFTECH BRUSSELS 2025 VIVATECH 2023 VIVATECH 2022 COE INCUBATOR NETWORKS Startups Incubators Mentors Accelerators COE Investors RESOURCE Labs Venue Space Co working space Equipment Startup School IPR Support MEDIA Press Releases Social Media News Gallery Events G20 DIA Overview Exhibition Program at Glance The Summit Speakers & Juries Gallery More Publications CAREERS MEDIA Press Releases Social Media News Gallery EVENTS G20 DIA Overview Exhibition Program at Glance The Summit Speakers & Juries Gallery More REGISTER LOGIN PARTICIPATE MedTech OCP 4.0 MedTech is a Center of Entrepreneurship in the field of MediElectronics and Health Deadline: Mar 29, 2023 Shortlisted Startups XR Startup Program",RESULT_ANNOUNCEMENT,Result announcement,,CURRENT_STATUS_NOT_PROVEN,,,,,,,,,,"[{""passed"": true, ""code"": ""RESULT_ROLE"", ""label"": ""The page is a result or selection announcement""}, {""passed"": true, ""code"": ""NO_CURRENT_APPLY"", ""label"": ""No verified current Apply route""}]"
True,NO_APPLICATION_ROUTE_CAPTURED,HISTORICAL_CLOSED,,False,CONFIRM_HISTORICAL_GROUP,1,meitybundle_85146a21f2e45072d8dc,BATCH_CONFIRMATION,Historical evidence — SAMRIDH,,The Summit,,meitychild_fa196829eac4e1db0dc4,0.92,,RESULT_ANNOUNCEMENT,"meitycall_8d44c653724d98cb049d The Summit MeitY Startup Hub Ministry of Electronics and Information Technology (MeitY) MeitY Startup Hub APPLICATION_CALL CALL_INSTANCE 147173e17ea741687247 SAMRIDH CURATED_OFFICIAL_RELATIONSHIP https://msh.meity.gov.in/g20dia/the-summit VERIFICATION_REQUIRED INSUFFICIENT_CURRENT_STATUS_EVIDENCE No verified current deadline and official application route were established. REQUIRES_ADMIN_VERIFICATION DIRECT_OR_REVIEW_REQUIRED UNKNOWN 0.600 True False The Summit Skip to main content meity-sthub@gov.in Contact : +91-11-24301244 ABOUT US SCHEMES PROGRAM NETWORKS RESOURCE MEDIA REGISTER LOGIN G20 DIA > The Summit Conference The 3-day Conference at the G20 Digital Innovation Alliance Summit is set to be a convergence of innovation, collaboration, and transformative ideas under the central event theme- 'Driving Digital Innovation for World Economies'. Bringing to",meityev_11ca533254a8c710358a,False,False,result;winner;closed,False,SAMRIDH,,1,False,1efcf26ba9f7eb516edf1b22a3ad635935e5da19b74c7b6f80f2657cef2748aa,0,False,,,The Summit,UNSUPPORTED_PARENT_LINK_REMOVED;INFERRED_FAMILY_CLEARED,UNRESOLVED,,RELATED_CALL_REQUIRES_ADMIN_VERIFICATION,,2,,program;scheme;platform,False,RELATED_CALL_UNRESOLVED,,False,False,,,HISTORICAL_CLOSED,False,meity380_45fcb452a47415cc5e5a,meity380_45fcb452a47415cc5e5a,RESULT_ANNOUNCEMENT,meityev_11ca533254a8c710358a,https://msh.meity.gov.in/g20dia/the-summit,,"meitycall_8d44c653724d98cb049d The Summit MeitY Startup Hub Ministry of Electronics and Information Technology (MeitY) MeitY Startup Hub APPLICATION_CALL CALL_INSTANCE 147173e17ea741687247 SAMRIDH CURATED_OFFICIAL_RELATIONSHIP https://msh.meity.gov.in/g20dia/the-summit VERIFICATION_REQUIRED INSUFFICIENT_CURRENT_STATUS_EVIDENCE No verified current deadline and official application route were established. REQUIRES_ADMIN_VERIFICATION DIRECT_OR_REVIEW_REQUIRED UNKNOWN 0.600 True False The Summit Skip to main content meity-sthub@gov.in Contact : +91-11-24301244 ABOUT US SCHEMES PROGRAM NETWORKS RESOURCE MEDIA REGISTER LOGIN G20 DIA > The Summit Conference The 3-day Conference at the G20 Digital Innovation Alliance Summit is set to be a convergence of innovation, collaboration, and transformative ideas under the central event theme- 'Driving Digital Innovation for World Economies'. Bringing together start-ups, Central & State government agencies, corporates, research and development institutions, and academia from G20 member countries and 9 guest countries, the conference will serve as a platform for global digital advancements. Key Focus Sectors Winner of G20-DIA Global Pitching Edtech ",RESULT_ANNOUNCEMENT,Result announcement,,NOT_APPLICABLE,,,,,,,,,,"[{""passed"": true, ""code"": ""RESULT_ROLE"", ""label"": ""The page is a result or selection announcement""}, {""passed"": true, ""code"": ""NO_CURRENT_APPLY"", ""label"": ""No verified current Apply route""}]"
True,NO_APPLICATION_ROUTE_CAPTURED,HISTORICAL_CLOSED,,False,CONFIRM_HISTORICAL_GROUP,2,meitybundle_85146a21f2e45072d8dc,BATCH_CONFIRMATION,Historical evidence — SAMRIDH,cohort,SAMRIDH,,meitychild_06eddebf1b482f5c554d,0.92,,RESULT_ANNOUNCEMENT,"147173e17ea741687247 SAMRIDH SAMRIDH SCHEME Ministry of Electronics and Information Technology (MeitY) Ministry of Electronics and Information Technology (MeitY) MeitY Startup Hub (MSH), Digital India Corporation MeitY Startup Hub (MSH) CURRENT_SCHEME_INFORMATION_AVAILABLE APPLICATION_STATUS_REQUIRES_VERIFICATION Support existing and upcoming accelerators to select and accelerate promising product-based and IT-based startups, helping them scale through customer connections, investor connections, product enhancement and international-market access. Direct scheme partners are existing or upcoming accelerators operating in India. The scheme document requires relevant incubation or accelerator experience, startup-support track record, suitable infrastructure, mentor and investor networks, and capability to run structured cohorts. Startups participate as downstream beneficiaries through accel",meityev_2b71aeeed226ef435351,False,False,result;selected;closed,False,SAMRIDH,,1,True,1efcf26ba9f7eb516edf1b22a3ad635935e5da19b74c7b6f80f2657cef2748aa,0,False,https://msh.meity.gov.in/schemes/samridh,,SAMRIDH,,DIRECT_PARENT_EVIDENCE,,LINKED_TO_CALL_CANDIDATE,SAMRIDH,2,SAMRIDH,scheme;accelerator;incubation;support,False,,,False,False,,SAMRIDH,HISTORICAL_CLOSED,False,meity380_16a7dbf5568e6262acea,meity380_16a7dbf5568e6262acea,RESULT_ANNOUNCEMENT,meityev_2b71aeeed226ef435351,https://msh.meity.gov.in/schemes/samridh,,"147173e17ea741687247 SAMRIDH SAMRIDH SCHEME Ministry of Electronics and Information Technology (MeitY) Ministry of Electronics and Information Technology (MeitY) MeitY Startup Hub (MSH), Digital India Corporation MeitY Startup Hub (MSH) CURRENT_SCHEME_INFORMATION_AVAILABLE APPLICATION_STATUS_REQUIRES_VERIFICATION Support existing and upcoming accelerators to select and accelerate promising product-based and IT-based startups, helping them scale through customer connections, investor connections, product enhancement and international-market access. Direct scheme partners are existing or upcoming accelerators operating in India. The scheme document requires relevant incubation or accelerator experience, startup-support track record, suitable infrastructure, mentor and investor networks, and capability to run structured cohorts. Startups participate as downstream beneficiaries through accelerators selected under cohort-specific calls. Eligible accelerators as direct scheme partners and selected product-based or IT-based startups as downstream beneficiaries. Potential technology and software-product startups requiring acceleration from product or prototype development towards commercia",RESULT_ANNOUNCEMENT,Result announcement,,NOT_APPLICABLE,,,,,,meitylink_072da401e035dc67bb23,SCHEME_INFORMATION_PAGE,MeityStartupHub,https://msh.meity.gov.in/schemes/samridh,"[{""passed"": true, ""code"": ""RESULT_ROLE"", ""label"": ""The page is a result or selection announcement""}, {""passed"": true, ""code"": ""NO_CURRENT_APPLY"", ""label"": ""No verified current Apply route""}]"
