bundle_id,bundle_lane,bundle_action,bundle_title,bundle_child_order,child_id,canonical_name,original_canonical_name,entity_type,source_entity_type,application_status,safe_application_status,temporal_validation,title_years,historical_title,explicit_open_evidence,reopen_evidence,future_deadline_proven,official_application_route,recent_verification_proven,last_verified_at,temporal_flags,opening_date,closing_date,official_page_url,application_url,inferred_family,parent_scheme_name,parent_master_id,repaired_parent_scheme_name,repaired_parent_master_id,parent_link_resolution,parent_link_flags,programme_alias_matches,standalone_call_matches,parent_resolution,evidence_excerpt,status_evidence,source_urls,quality_flags,publication_eligible,apply_action_allowed,source_candidate_id,source_evidence_id,source_candidate_ids,evidence_ids,verified_information_url,verified_information_role,verified_information_title,verified_information_provenance_id,verified_application_url,verified_application_role,verified_application_title,verified_application_provenance_id,application_route_withheld,application_route_withheld_reason,link_count_inspected,link_integrity_complete,raw_application_url,override_applied,override_action_id,override_written_at,original_entity_type,effective_entity_type,effective_record_kind,effective_parent_scheme_name,effective_parent_master_id,dashboard_section,current_application_integrity_complete,projection_status,projection_eligible,projection_errors,projection_warnings,publication_status,public_visibility
meitybundle_3a121f4066809c963640,BATCH_CONFIRMATION,CONFIRM_EXISTING_PROGRAMME_FAMILY,Programme family — XR Startup Program,1,meitychild_cad924e545fdfea8a245,XR Startup Program,Xr Startup Program,ACCELERATOR_PROGRAMME,ACCELERATOR_PROGRAMME,SCHEME_INFORMATION_AVAILABLE,SCHEME_INFORMATION_AVAILABLE,NOT_APPLICABLE,,False,False,False,False,False,False,,,,,,,SAMRIDH,,,,,NOT_APPLICABLE,,,,NOT_APPLICABLE,"meitycall_2f886d6194cb0b281a16 Xr Startup Program MeitY Startup Hub Ministry of Electronics and Information Technology (MeitY) MeitY Startup Hub APPLICATION_CALL CALL_INSTANCE 147173e17ea741687247 SAMRIDH CURATED_OFFICIAL_RELATIONSHIP https://msh.meity.gov.in/program/mshcorporate/xr-startup-program VERIFICATION_REQUIRED INSUFFICIENT_CURRENT_STATUS_EVIDENCE No verified current deadline and official application route were established. REQUIRES_ADMIN_VERIFICATION DIRECT_OR_REVIEW_REQUIRED UNKNOWN 0.600 True False Xr Startup Program Skip to main content meity-sthub@gov.in Contact : +91-11-24301244 ABOUT US SCHEMES PROGRAM NETWORKS RESOURCE MEDIA REGISTER LOGIN Shortlisted Startups XR Startup Program A program to discover, nurture, and accelerate XR technology startups across India. About the program XR Startup Program is a collaboration between Meta and MeitY Startup Hub (MSH). The program a","meitycall_2f886d6194cb0b281a16 Xr Startup Program MeitY Startup Hub Ministry of Electronics and Information Technology (MeitY) MeitY Startup Hub APPLICATION_CALL CALL_INSTANCE 147173e17ea741687247 SAMRIDH CURATED_OFFICIAL_RELATIONSHIP https://msh.meity.gov.in/program/mshcorporate/xr-startup-program VERIFICATION_REQUIRED INSUFFICIENT_CURRENT_STATUS_EVIDENCE No verified current deadline and official application route were established. REQUIRES_ADMIN_VERIFICATION DIRECT_OR_REVIEW_REQUIRED UNKNOWN 0.600 True False Xr Startup Program Skip to main content meity-sthub@gov.in Contact : +91-11-24301244 ABOUT US SCHEMES PROGRAM NETWORKS RESOURCE MEDIA REGISTER LOGIN Shortlisted Startups XR Startup Program A program to discover, nurture, and accelerate XR technology startups across India. About the program XR Startup Program is a collaboration between Meta and MeitY Startup Hub (MSH). The program aims to accelerate India’s contribution towards building the foundations of the metaverse and nurturing the development of Extended Reality (XR) technologies in India. The metaverse is the next generation of the internet. It will be a set of digital spaces, including 3D experiences that are all inter",https://msh.meity.gov.in/program/mshcorporate/xr-startup-program,,False,False,meity380_2b210dff922968dc1524,meityev_c47ccb479ae1c78be1a2,meity380_2b210dff922968dc1524,meityev_c47ccb479ae1c78be1a2,,,,,,,,,True,NO_APPLICATION_ROUTE_CAPTURED,1,False,,True,meityclass_b53422182e2d689663716883,2026-07-15T08:21:31+00:00,ACCELERATOR_PROGRAMME,PERMANENT_PROGRAMME,SCHEME_PROGRAMME,,,PROGRAMMES,True,BLOCKED,False,VERIFIED_INFORMATION_SOURCE_REQUIRED,LINK_INTEGRITY_NOT_COMPLETE,NOT_PUBLISHED,False
meitybundle_cd218483a181529020f2,DEEP_REVIEW,REVIEW_CURRENT_CALL,Historical/status review — Google Appscale Academy 2023,1,meitychild_0f95bbacb6f160303e98,Google Appscale Academy 2023,Google Appscale Academy 2023 Impact,ACCELERATOR_COHORT,RESULT_ANNOUNCEMENT,HISTORICAL_CLOSED,HISTORICAL_CLOSED,HISTORICAL_BY_TITLE_OR_DEADLINE,2023,True,False,False,False,True,False,,TITLE_YEAR:2023;HISTORICAL_TITLE_WITHOUT_REOPEN_EVIDENCE,,,,,GENESIS,,,,,UNRESOLVED,STANDALONE_CALL_IDENTITY;INCIDENTAL_PARENT_LINK_REMOVED;INFERRED_FAMILY_CLEARED,,Google Appscale Academy,LINKED_TO_CALL_CANDIDATE,"MeityStartupHub Skip to main content meity-sthub@gov.in Contact : +91-11-24301244 A + A - A A A REGISTER LOGIN ABOUT US Organisation Profile Team DIC MSH logo usage guidelines Apply for MSH logo Newsletter Contact Us Innovation Patent & IPR Support SCHEMES SAMRIDH TIDE 2.0 SITAA SASACT GENESIS PROGRAM MSH Corporate SBI TALLY RAZORPAY PARTNERSHIP MATHWORKS MICRON SAMSUNG ""SOLVE FOR TOMORROW"" GOOGLE APPSCALE 2023 IMPACT BHUMI - BSF DRISHTI - SSB IHMCL META XR Startup Program Global Startup Bridge IFTECH BRUSSELS 2025 VIVATECH 2023 VIVATECH 2022 COE INCUBATOR NETWORKS Startups Incubators Mentors Accelerators COE Investors RESOURCE Labs Venue Space Co working space Equipment Startup School IPR Support MEDIA Press Releases Social Media News Gallery Events G20 DIA Overview Exhibition Program at Glance The Summit Speakers & Juries Gallery More Publications CAREERS MEDIA Press Releases Social Me","MeityStartupHub Skip to main content meity-sthub@gov.in Contact : +91-11-24301244 A + A - A A A REGISTER LOGIN ABOUT US Organisation Profile Team DIC MSH logo usage guidelines Apply for MSH logo Newsletter Contact Us Innovation Patent & IPR Support SCHEMES SAMRIDH TIDE 2.0 SITAA SASACT GENESIS PROGRAM MSH Corporate SBI TALLY RAZORPAY PARTNERSHIP MATHWORKS MICRON SAMSUNG ""SOLVE FOR TOMORROW"" GOOGLE APPSCALE 2023 IMPACT BHUMI - BSF DRISHTI - SSB IHMCL META XR Startup Program Global Startup Bridge IFTECH BRUSSELS 2025 VIVATECH 2023 VIVATECH 2022 COE INCUBATOR NETWORKS Startups Incubators Mentors Accelerators COE Investors RESOURCE Labs Venue Space Co working space Equipment Startup School IPR Support MEDIA Press Releases Social Media News Gallery Events G20 DIA Overview Exhibition Program at Glance The Summit Speakers & Juries Gallery More Publications CAREERS MEDIA Press Releases Social Media News Gallery EVENTS G20 DIA Overview Exhibition Program at Glance The Summit Speakers & Juries Gallery More REGISTER LOGIN PARTICIPATE MedTech OCP 4.0 MedTech is a Center of Entrepreneurship in the field of MediElectronics and Health Deadline: Mar 29, 2023 PROGRAMS > MSH CORPORATE > GOOGLE APPSC",https://msh.meity.gov.in/program/mshcorporate/googleappscale,PARENT_UNRESOLVED;OPENING_DATE_CONTEXT_NOT_PROVEN;CLOSING_DATE_CONTEXT_NOT_PROVEN;ALIASES_AND_EVIDENCE_CONSOLIDATED,False,False,meity380_2cd816826189dd59f2ee,meityev_d6d3bc3ccbd8fe774541,meity380_2a55c0736beab7bf7eff;meity380_2cd816826189dd59f2ee;meity380_575291188156ba0e29b1;meity380_c514ac8a22eee69b1b43,meityev_279f063ddebdb552547e;meityev_30f94c3b7b18340ad237;meityev_d6d3bc3ccbd8fe774541;meityev_ef515c83eb37389bb503,,,,,,,,,True,GLOBAL_CURRENT_EVIDENCE_INCOMPLETE,2,False,https://msh.meity.gov.in/about/applyforthelogo,True,meityclass_90ac2d96c396f7231eff6e97,2026-07-15T08:17:27+00:00,ACCELERATOR_COHORT,HISTORICAL_REFERENCE,HISTORICAL_REFERENCE,,,HISTORICAL,True,BLOCKED,False,VERIFIED_INFORMATION_SOURCE_REQUIRED,LINK_INTEGRITY_NOT_COMPLETE,NOT_PUBLISHED,False
meitybundle_efe851fe2236a1b3957a,BATCH_CONFIRMATION,CONFIRM_CALL_OR_CHALLENGE_GROUP,Calls/challenges — CREST Semiconductor Accelerator — ACCELERATOR_COHORT,1,meitychild_1f6c12c61b14cbd354b6,CREST Semiconductor Accelerator for Early-Stage Startups,CREST Semiconductor Accelerator for Early-Stage Startups,ACCELERATOR_COHORT,ACCELERATOR_COHORT,VERIFICATION_REQUIRED,VERIFICATION_REQUIRED,NOT_APPLICABLE,,False,False,False,False,False,False,,,,,,,CREST Semiconductor Accelerator,Micron,meitycall_0c7011d0b31e008b13b8,CREST Semiconductor Accelerator,,TITLE_OR_URL_ALIAS_MATCH,,CREST Semiconductor Accelerator,,MATCHED_EXISTING_PROGRAMME,"meitycall_0c7011d0b31e008b13b8 Micron CREST Semiconductor Accelerator for Early-Stage Startups https://msh.meity.gov.in/program/mshcorporate/micron The official page describes a launched accelerator, but the specific cohort window and historical closure are not yet evidenced. Recover cohort dates, selection result and applicant-layer evidence. True False Skip to main content meity-sthub@gov.in Contact : +91-11-24301244 ABOUT US SCHEMES PROGRAM NETWORKS RESOURCE MEDIA REGISTER LOGIN PROGRAMS > MSH CORPORATE > MICRON MEITY STARTUP HUB (MSH), MICRON AND PIEDS, CREST (BITS PILANI), LAUNCH A SEMICONDUCTOR ACCELERATOR FOR EARLY-STAGE STARTUPS MeitY Startup Hub (MSH) an independent division of the Ministry of Electronics & Information Technology (MeitY), Government of India in partnership with Micron and PIEDS, the Technology Business Incubator and Center for Research Excellence in Semiconducto","meitycall_0c7011d0b31e008b13b8 Micron CREST Semiconductor Accelerator for Early-Stage Startups https://msh.meity.gov.in/program/mshcorporate/micron The official page describes a launched accelerator, but the specific cohort window and historical closure are not yet evidenced. Recover cohort dates, selection result and applicant-layer evidence. True False Skip to main content meity-sthub@gov.in Contact : +91-11-24301244 ABOUT US SCHEMES PROGRAM NETWORKS RESOURCE MEDIA REGISTER LOGIN PROGRAMS > MSH CORPORATE > MICRON MEITY STARTUP HUB (MSH), MICRON AND PIEDS, CREST (BITS PILANI), LAUNCH A SEMICONDUCTOR ACCELERATOR FOR EARLY-STAGE STARTUPS MeitY Startup Hub (MSH) an independent division of the Ministry of Electronics & Information Technology (MeitY), Government of India in partnership with Micron and PIEDS, the Technology Business Incubator and Center for Research Excellence in Semiconductor Technologies (CREST) of BITS Pilani announced today the launch of CREST accelerator program for startups in Semiconductor domain. The accelerator program will curate a cohort of startups and provide each with funding of up to Rs. 10 Lacs, with an opportunity to raise further investment at the end ",https://msh.meity.gov.in/program/mshcorporate/micron,ALIASES_AND_EVIDENCE_CONSOLIDATED,False,False,meity380_4addec90cfd2b6e4fc38,meityev_01881c85642c87cabfbf,meity380_4addec90cfd2b6e4fc38;meity380_d84445d5a21cb05a9378,meityev_01881c85642c87cabfbf;meityev_8bfcb41b446cdd8725d2,,,,,,,,,True,NO_APPLICATION_ROUTE_CAPTURED,1,False,,True,meityclass_1818b116e0c6558877513278,2026-07-15T08:15:14+00:00,ACCELERATOR_COHORT,ACCELERATOR_COHORT,CALL_INSTANCE,,,CALLS_CHALLENGES,True,BLOCKED,False,VERIFIED_INFORMATION_SOURCE_REQUIRED;CALL_PARENT_PROGRAMME_REQUIRED,CALL_IDENTITY_RETAINED_WITHOUT_CURRENT_OPEN_STATUS;LINK_INTEGRITY_NOT_COMPLETE,NOT_PUBLISHED,False
meitybundle_25cfdc0d3bb00a1ff98f,BATCH_CONFIRMATION,CONFIRM_CALL_OR_CHALLENGE_GROUP,Calls/challenges — SAMRIDH — ACCELERATOR_COHORT,1,meitychild_571fe4d97b296191ad93,SAMRIDH,SAMRIDH,ACCELERATOR_COHORT,ACCELERATOR_COHORT,VERIFICATION_REQUIRED,VERIFICATION_REQUIRED,NOT_APPLICABLE,,False,False,False,False,False,False,,,,,https://msh.meity.gov.in/schemes/samridh,,SAMRIDH,SAMRIDH,,SAMRIDH,,DIRECT_PARENT_EVIDENCE,,SAMRIDH,,MATCHED_DISCOVERED_PROGRAMME,"meity_call_review_samridh_first_round_v34201 147173e17ea741687247 SAMRIDH SAMRIDH First-Round Cohort COHORT_INSTANCE FIRST_ROUND https://msh.meity.gov.in/schemes/samridh HAS_COHORT_INSTANCE The official scheme page refers to a first-round cohort involving 22 accelerators and 175 startups. Create a separate historical cohort instance only after official opening dates, closing dates and cohort notice evidence are located. false OPEN NEEDS_CALL_EVIDENCE Do not merge first-round results or participant counts into the permanent SAMRIDH identity.","meity_call_review_samridh_first_round_v34201 147173e17ea741687247 SAMRIDH SAMRIDH First-Round Cohort COHORT_INSTANCE FIRST_ROUND https://msh.meity.gov.in/schemes/samridh HAS_COHORT_INSTANCE The official scheme page refers to a first-round cohort involving 22 accelerators and 175 startups. Create a separate historical cohort instance only after official opening dates, closing dates and cohort notice evidence are located. false OPEN NEEDS_CALL_EVIDENCE Do not merge first-round results or participant counts into the permanent SAMRIDH identity.",https://msh.meity.gov.in/schemes/samridh,ALIASES_AND_EVIDENCE_CONSOLIDATED,False,False,meity380_5594ed5732ac2f2b042a,meityev_66176773e5c2d943b139,meity380_103fdbe0eeb36b023d69;meity380_5594ed5732ac2f2b042a,meityev_66176773e5c2d943b139;meityev_ee6cd7a7e2df48ef4737,https://msh.meity.gov.in/schemes/samridh,SCHEME_INFORMATION_PAGE,MeityStartupHub,meitylink_55dcda924dbc3c7ab0a8,,,,,True,NO_APPLICATION_ROUTE_CAPTURED,1,True,,True,meityclass_d8fa5f4015188892ab894239,2026-07-15T08:21:26+00:00,ACCELERATOR_COHORT,ACCELERATOR_COHORT,CALL_INSTANCE,,,CALLS_CHALLENGES,True,BLOCKED,False,CALL_PARENT_PROGRAMME_REQUIRED,CALL_IDENTITY_RETAINED_WITHOUT_CURRENT_OPEN_STATUS,NOT_PUBLISHED,False
meitybundle_cbb20819e0e8d53bb281,BATCH_CONFIRMATION,CONFIRM_CALL_OR_CHALLENGE_GROUP,Calls/challenges — SAMRIDH — CHALLENGE_CALL,1,meitychild_555a103f5b3bc0e50c86,G20Diaoverview,G20Diaoverview,CHALLENGE_CALL,CHALLENGE_CALL,VERIFICATION_REQUIRED,VERIFICATION_REQUIRED,NOT_APPLICABLE,,False,False,False,False,False,False,,,,,,,SAMRIDH,Xr Startup Program,meitycall_2f886d6194cb0b281a16,XR Startup Program,meitycall_2f886d6194cb0b281a16,DIRECT_PARENT_EVIDENCE,INFERRED_FAMILY_REPAIRED,,,MATCHED_EXISTING_PROGRAMME,"meitycall_056b139f54fba2e7a8b3 G20Diaoverview MeitY Startup Hub Ministry of Electronics and Information Technology (MeitY) MeitY Startup Hub APPLICATION_CALL CALL_INSTANCE 147173e17ea741687247 SAMRIDH CURATED_OFFICIAL_RELATIONSHIP https://msh.meity.gov.in/g20dia/g20diaoverview VERIFICATION_REQUIRED INSUFFICIENT_CURRENT_STATUS_EVIDENCE No verified current deadline and official application route were established. REQUIRES_ADMIN_VERIFICATION DIRECT_OR_REVIEW_REQUIRED UNKNOWN 0.600 True False G20Diaoverview Skip to main content meity-sthub@gov.in Contact : +91-11-24301244 ABOUT US SCHEMES PROGRAM NETWORKS RESOURCE MEDIA REGISTER LOGIN G20 DIA > G20 DIA OVERVIEW G20- Digital Innovation Alliance Welcome to the G20 Digital Innovation Alliance Summit! India's presidency of the G20 Summit is a source of immense pride. As part of this presidency, the Ministry of Electronics and Information Technol","meitycall_056b139f54fba2e7a8b3 G20Diaoverview MeitY Startup Hub Ministry of Electronics and Information Technology (MeitY) MeitY Startup Hub APPLICATION_CALL CALL_INSTANCE 147173e17ea741687247 SAMRIDH CURATED_OFFICIAL_RELATIONSHIP https://msh.meity.gov.in/g20dia/g20diaoverview VERIFICATION_REQUIRED INSUFFICIENT_CURRENT_STATUS_EVIDENCE No verified current deadline and official application route were established. REQUIRES_ADMIN_VERIFICATION DIRECT_OR_REVIEW_REQUIRED UNKNOWN 0.600 True False G20Diaoverview Skip to main content meity-sthub@gov.in Contact : +91-11-24301244 ABOUT US SCHEMES PROGRAM NETWORKS RESOURCE MEDIA REGISTER LOGIN G20 DIA > G20 DIA OVERVIEW G20- Digital Innovation Alliance Welcome to the G20 Digital Innovation Alliance Summit! India's presidency of the G20 Summit is a source of immense pride. As part of this presidency, the Ministry of Electronics and Information Technology (MeitY), Government of India, and the MeitY Start-up Hub are organizing the G20 Digital Innovation Alliance Summit in Bengaluru at the Bangalore Palace, from August 17th to 19th, 2023. With the focal theme, 'Driving Digital Innovation for World Economies', the Summit anticipates substantial part",https://msh.meity.gov.in/g20dia/g20diaoverview,,False,False,meity380_846f9894ffa68dca7219,meityev_43f52647197988444a4a,meity380_846f9894ffa68dca7219,meityev_43f52647197988444a4a,,,,,,,,,True,NO_APPLICATION_ROUTE_CAPTURED,1,False,,True,meityclass_85cd24aec63d92c1232d201e,2026-07-15T08:16:48+00:00,CHALLENGE_CALL,HISTORICAL_REFERENCE,HISTORICAL_REFERENCE,,,HISTORICAL,True,BLOCKED,False,VERIFIED_INFORMATION_SOURCE_REQUIRED,LINK_INTEGRITY_NOT_COMPLETE,NOT_PUBLISHED,False
meitybundle_cbb20819e0e8d53bb281,BATCH_CONFIRMATION,CONFIRM_CALL_OR_CHALLENGE_GROUP,Calls/challenges — SAMRIDH — CHALLENGE_CALL,2,meitychild_b46d834d2410579818b6,Mathworks,Mathworks,CHALLENGE_CALL,CHALLENGE_CALL,VERIFICATION_REQUIRED,VERIFICATION_REQUIRED,NOT_APPLICABLE,,False,False,False,False,False,False,,,,,https://msh.meity.gov.in/program/mshcorporate/mathworks,,SAMRIDH,Mathworks,meitycall_c53a5b2578e3b03d7291,MathWorks Startup Program,meitycall_c53a5b2578e3b03d7291,DIRECT_PARENT_EVIDENCE,INFERRED_FAMILY_REPAIRED,MathWorks Startup Program,,MATCHED_EXISTING_PROGRAMME,"meitycall_c53a5b2578e3b03d7291 Mathworks MeitY Startup Hub Ministry of Electronics and Information Technology (MeitY) MeitY Startup Hub APPLICATION_CALL CALL_INSTANCE 147173e17ea741687247 SAMRIDH CURATED_OFFICIAL_RELATIONSHIP https://msh.meity.gov.in/program/mshcorporate/mathworks VERIFICATION_REQUIRED INSUFFICIENT_CURRENT_STATUS_EVIDENCE No verified current deadline and official application route were established. REQUIRES_ADMIN_VERIFICATION DIRECT_OR_REVIEW_REQUIRED UNKNOWN 0.600 True False Mathworks Skip to main content meity-sthub@gov.in Contact : +91-11-24301244 ABOUT US SCHEMES PROGRAM NETWORKS RESOURCE MEDIA REGISTER LOGIN PROGRAMS > MSH CORPORATE > MATHWORKS MEITY STARTUP HUB AND MATHWORKS PARTNER TO ACCELERATE DEEP TECH INNOVATION MeitY Startup Hub (MSH) has signed a Statement of Intent (SoI) with MathWorks to bolster India’s deep tech startup ecosystem, providing access to stat","meitycall_c53a5b2578e3b03d7291 Mathworks MeitY Startup Hub Ministry of Electronics and Information Technology (MeitY) MeitY Startup Hub APPLICATION_CALL CALL_INSTANCE 147173e17ea741687247 SAMRIDH CURATED_OFFICIAL_RELATIONSHIP https://msh.meity.gov.in/program/mshcorporate/mathworks VERIFICATION_REQUIRED INSUFFICIENT_CURRENT_STATUS_EVIDENCE No verified current deadline and official application route were established. REQUIRES_ADMIN_VERIFICATION DIRECT_OR_REVIEW_REQUIRED UNKNOWN 0.600 True False Mathworks Skip to main content meity-sthub@gov.in Contact : +91-11-24301244 ABOUT US SCHEMES PROGRAM NETWORKS RESOURCE MEDIA REGISTER LOGIN PROGRAMS > MSH CORPORATE > MATHWORKS MEITY STARTUP HUB AND MATHWORKS PARTNER TO ACCELERATE DEEP TECH INNOVATION MeitY Startup Hub (MSH) has signed a Statement of Intent (SoI) with MathWorks to bolster India’s deep tech startup ecosystem, providing access to state-of-the-art computational tools, advanced simulation models, and world-class training resources. As part of this partnership, MathWorks will provide complimentary access to over 100 products under its Accelerator Program, including MATLAB® and Simulink, for 12 months to all MeitY associated startup",https://msh.meity.gov.in/program/mshcorporate/mathworks,ALIASES_AND_EVIDENCE_CONSOLIDATED,False,False,meity380_bbcca6b3bb1ff6d1521c,meityev_9575399a57bd05effb18,meity380_971cd0162a4ac361665d;meity380_bbcca6b3bb1ff6d1521c,meityev_9575399a57bd05effb18;meityev_db5a426f8ce9a0c86c00,https://msh.meity.gov.in/program/mshcorporate/mathworks,SCHEME_INFORMATION_PAGE,MeityStartupHub,meitylink_91700e7e9836022cf2ef,,,,,True,NO_APPLICATION_ROUTE_CAPTURED,1,False,,True,meityclass_f247791625083f215d4e47d6,2026-07-15T08:21:04+00:00,CHALLENGE_CALL,CHALLENGE_CALL,CALL_INSTANCE,,,CALLS_CHALLENGES,True,BLOCKED,False,CALL_PARENT_PROGRAMME_REQUIRED,CALL_IDENTITY_RETAINED_WITHOUT_CURRENT_OPEN_STATUS;LINK_INTEGRITY_NOT_COMPLETE,NOT_PUBLISHED,False
meitybundle_cbb20819e0e8d53bb281,BATCH_CONFIRMATION,CONFIRM_CALL_OR_CHALLENGE_GROUP,Calls/challenges — SAMRIDH — CHALLENGE_CALL,3,meitychild_9598165b97fa5e4d0dc8,Vivatech,Vivatech,CHALLENGE_CALL,CHALLENGE_CALL,VERIFICATION_REQUIRED,VERIFICATION_REQUIRED,NOT_APPLICABLE,,False,False,False,False,False,False,,,,,https://msh.meity.gov.in/program/mshinternational/vivatech,,SAMRIDH,Vivatech,meitycall_f76675fa4a424f58ed0b,,,UNRESOLVED,UNSUPPORTED_PARENT_LINK_REMOVED;INFERRED_FAMILY_CLEARED,,,MATCHED_EXISTING_PROGRAMME,"meitycall_f76675fa4a424f58ed0b Vivatech MeitY Startup Hub Ministry of Electronics and Information Technology (MeitY) MeitY Startup Hub APPLICATION_CALL CALL_INSTANCE 147173e17ea741687247 SAMRIDH CURATED_OFFICIAL_RELATIONSHIP https://msh.meity.gov.in/program/mshinternational/vivatech VERIFICATION_REQUIRED INSUFFICIENT_CURRENT_STATUS_EVIDENCE No verified current deadline and official application route were established. REQUIRES_ADMIN_VERIFICATION DIRECT_OR_REVIEW_REQUIRED UNKNOWN 0.600 True False Vivatech Skip to main content meity-sthub@gov.in Contact : +91-11-24301244 ABOUT US SCHEMES PROGRAM NETWORKS RESOURCE MEDIA REGISTER LOGIN PROGRAMS > Global Startup Bridge > VIVATECH VIVATECH 2022 VIVATECH is Europe’s biggest startup and tech event which accelerates innovation by connecting startups, tech leaders, major corporations, and investors responding to the world’s biggest challenges. From","meitycall_f76675fa4a424f58ed0b Vivatech MeitY Startup Hub Ministry of Electronics and Information Technology (MeitY) MeitY Startup Hub APPLICATION_CALL CALL_INSTANCE 147173e17ea741687247 SAMRIDH CURATED_OFFICIAL_RELATIONSHIP https://msh.meity.gov.in/program/mshinternational/vivatech VERIFICATION_REQUIRED INSUFFICIENT_CURRENT_STATUS_EVIDENCE No verified current deadline and official application route were established. REQUIRES_ADMIN_VERIFICATION DIRECT_OR_REVIEW_REQUIRED UNKNOWN 0.600 True False Vivatech Skip to main content meity-sthub@gov.in Contact : +91-11-24301244 ABOUT US SCHEMES PROGRAM NETWORKS RESOURCE MEDIA REGISTER LOGIN PROGRAMS > Global Startup Bridge > VIVATECH VIVATECH 2022 VIVATECH is Europe’s biggest startup and tech event which accelerates innovation by connecting startups, tech leaders, major corporations, and investors responding to the world’s biggest challenges. From keynote speakers and exhibits to labs and live experiences, VIVATECH 2022 was a celebration of today’s innovative technologies that have the power to transform the future. India was the “Country of the Year” partner of VIVATECH 2022 in Paris. MeitY Startup Hub delegation participated in the 4-day e",https://msh.meity.gov.in/program/mshinternational/vivatech,,False,False,meity380_5c04fed0bf6368c68d90,meityev_ff742e241c6780ab58f4,meity380_5c04fed0bf6368c68d90,meityev_ff742e241c6780ab58f4,https://msh.meity.gov.in/program/mshinternational/vivatech,SCHEME_INFORMATION_PAGE,MeityStartupHub,meitylink_20856bd2d08dc7de2b11,,,,,True,NO_APPLICATION_ROUTE_CAPTURED,1,False,,True,meityclass_07940f47a638f8977c9fc2d4,2026-07-15T08:21:30+00:00,CHALLENGE_CALL,CHALLENGE_CALL,CALL_INSTANCE,,,CALLS_CHALLENGES,True,BLOCKED,False,CALL_PARENT_PROGRAMME_REQUIRED,CALL_IDENTITY_RETAINED_WITHOUT_CURRENT_OPEN_STATUS;LINK_INTEGRITY_NOT_COMPLETE,NOT_PUBLISHED,False
meitybundle_15b24282b311cf2d676a,BATCH_CONFIRMATION,CONFIRM_CALL_OR_CHALLENGE_GROUP,Calls/challenges — SAMRIDH — GRAND_CHALLENGE,1,meitychild_3f570c67b538b47182b0,DRISHTI – SSB Grand Challenge on Strengthening Border Security,Drishti,GRAND_CHALLENGE,GRAND_CHALLENGE,VERIFICATION_REQUIRED,VERIFICATION_REQUIRED,NOT_APPLICABLE,,False,False,False,False,False,False,,,,,,,SAMRIDH,Xr Startup Program,meitycall_2f886d6194cb0b281a16,,,UNRESOLVED,STANDALONE_CALL_IDENTITY;INCIDENTAL_PARENT_LINK_REMOVED;INFERRED_FAMILY_CLEARED,,DRISHTI – SSB Grand Challenge on Strengthening Border Security,MATCHED_EXISTING_PROGRAMME,meitycall_533fd1397d9885d223d2 Drishti MeitY Startup Hub Ministry of Electronics and Information Technology (MeitY) MeitY Startup Hub APPLICATION_CALL CALL_INSTANCE 147173e17ea741687247 SAMRIDH CURATED_OFFICIAL_RELATIONSHIP https://msh.meity.gov.in/program/mshcorporate/drishti VERIFICATION_REQUIRED INSUFFICIENT_CURRENT_STATUS_EVIDENCE No verified current deadline and official application route were established. REQUIRES_ADMIN_VERIFICATION DIRECT_OR_REVIEW_REQUIRED UNKNOWN 0.600 True False Drishti Skip to main content meity-sthub@gov.in Contact : +91-11-24301244 ABOUT US SCHEMES PROGRAM NETWORKS RESOURCE MEDIA REGISTER LOGIN PROGRAMS > MSH CORPORATE > DRISHTI - SSB DRISHTI - SSB Background: MeitY in partnership with Sashastra Seema Bal (SSB) had undertaken a Grand Challenge on Strengthening Border Security entitled 'DRISHTI' (Development of Researched Indigenous Solutions – Hackathon for ,"meitycall_533fd1397d9885d223d2 Drishti MeitY Startup Hub Ministry of Electronics and Information Technology (MeitY) MeitY Startup Hub APPLICATION_CALL CALL_INSTANCE 147173e17ea741687247 SAMRIDH CURATED_OFFICIAL_RELATIONSHIP https://msh.meity.gov.in/program/mshcorporate/drishti VERIFICATION_REQUIRED INSUFFICIENT_CURRENT_STATUS_EVIDENCE No verified current deadline and official application route were established. REQUIRES_ADMIN_VERIFICATION DIRECT_OR_REVIEW_REQUIRED UNKNOWN 0.600 True False Drishti Skip to main content meity-sthub@gov.in Contact : +91-11-24301244 ABOUT US SCHEMES PROGRAM NETWORKS RESOURCE MEDIA REGISTER LOGIN PROGRAMS > MSH CORPORATE > DRISHTI - SSB DRISHTI - SSB Background: MeitY in partnership with Sashastra Seema Bal (SSB) had undertaken a Grand Challenge on Strengthening Border Security entitled 'DRISHTI' (Development of Researched Indigenous Solutions – Hackathon for Technological Innovations) through MSH platform to identify impactful solutions from startups to address the problem statements identified by SSB with an overall outlay of Rs. 65 Lakh. It was envisaged to use the solutions developed by the start-ups to augment, improve and scale the Border security ",https://msh.meity.gov.in/program/mshcorporate/drishti,PARENT_UNRESOLVED;ALIASES_AND_EVIDENCE_CONSOLIDATED,False,False,meity380_2c9c3c37e1feb8646d16,meityev_9fb8ffb8ab71609110cc,meity380_2c9c3c37e1feb8646d16;meity380_5a3f2094107fd24c805a;meity380_ad68af5a09f81689d5d5,meityev_1a0a8edeba7b36a22789;meityev_666df4b00909d6ce3a8d;meityev_9fb8ffb8ab71609110cc,,,,,,,,,True,NO_APPLICATION_ROUTE_CAPTURED,1,False,,True,meityclass_06088885c4fcff24394cec67,2026-07-15T08:15:21+00:00,GRAND_CHALLENGE,CHALLENGE_CALL,CALL_INSTANCE,,,CALLS_CHALLENGES,True,BLOCKED,False,VERIFIED_INFORMATION_SOURCE_REQUIRED;CALL_PARENT_PROGRAMME_REQUIRED,CALL_IDENTITY_RETAINED_WITHOUT_CURRENT_OPEN_STATUS;LINK_INTEGRITY_NOT_COMPLETE,NOT_PUBLISHED,False
meitybundle_4b1b886478e692555a3f,BATCH_CONFIRMATION,CONFIRM_CALL_OR_CHALLENGE_GROUP,Calls/challenges — SAMRIDH — HACKATHON,1,meitychild_ccefa6d9dd1eba772557,BHUMI – BSF Border Security Hackathon,Bhumi,HACKATHON,HACKATHON,VERIFICATION_REQUIRED,VERIFICATION_REQUIRED,NOT_APPLICABLE,,False,False,False,False,False,False,,,,,,,SAMRIDH,Xr Startup Program,meitycall_2f886d6194cb0b281a16,,,UNRESOLVED,STANDALONE_CALL_IDENTITY;INCIDENTAL_PARENT_LINK_REMOVED;INFERRED_FAMILY_CLEARED,,BHUMI – BSF Border Security Hackathon,MATCHED_EXISTING_PROGRAMME,"meitycall_a95e53af41b5c53999cf Bhumi MeitY Startup Hub Ministry of Electronics and Information Technology (MeitY) MeitY Startup Hub APPLICATION_CALL CALL_INSTANCE 147173e17ea741687247 SAMRIDH CURATED_OFFICIAL_RELATIONSHIP https://msh.meity.gov.in/program/mshcorporate/bhumi VERIFICATION_REQUIRED INSUFFICIENT_CURRENT_STATUS_EVIDENCE No verified current deadline and official application route were established. REQUIRES_ADMIN_VERIFICATION DIRECT_OR_REVIEW_REQUIRED UNKNOWN 0.600 True False Bhumi Skip to main content meity-sthub@gov.in Contact : +91-11-24301244 ABOUT US SCHEMES PROGRAM NETWORKS RESOURCE MEDIA REGISTER LOGIN PROGRAMS > MSH CORPORATE > BHUMI – BSF BHUMI – BSF Background: To leverage the innovations created by the Indian entrepreneurs and to build on the mission of Atmanirbhar Bharat, Border Security Forces (BSF) seeks to organize Hackathons with Indian startups and premier Insti","meitycall_a95e53af41b5c53999cf Bhumi MeitY Startup Hub Ministry of Electronics and Information Technology (MeitY) MeitY Startup Hub APPLICATION_CALL CALL_INSTANCE 147173e17ea741687247 SAMRIDH CURATED_OFFICIAL_RELATIONSHIP https://msh.meity.gov.in/program/mshcorporate/bhumi VERIFICATION_REQUIRED INSUFFICIENT_CURRENT_STATUS_EVIDENCE No verified current deadline and official application route were established. REQUIRES_ADMIN_VERIFICATION DIRECT_OR_REVIEW_REQUIRED UNKNOWN 0.600 True False Bhumi Skip to main content meity-sthub@gov.in Contact : +91-11-24301244 ABOUT US SCHEMES PROGRAM NETWORKS RESOURCE MEDIA REGISTER LOGIN PROGRAMS > MSH CORPORATE > BHUMI – BSF BHUMI – BSF Background: To leverage the innovations created by the Indian entrepreneurs and to build on the mission of Atmanirbhar Bharat, Border Security Forces (BSF) seeks to organize Hackathons with Indian startups and premier Institutions for cost effective solutions to strengthen the border security scenario. In compliance to the directions, Ministry of Electronics & IT Startup Hub (MeitY Startup Hub) is collaborating with BSF to provide access to the platform, resources, startups, and institutions which can be engaged in th",https://msh.meity.gov.in/program/mshcorporate/bhumi,PARENT_UNRESOLVED;ALIASES_AND_EVIDENCE_CONSOLIDATED,False,False,meity380_94bf8d81056f9d9c5192,meityev_09611861e39a9da2dafa,meity380_8614c5782161d16c9ed0;meity380_94bf8d81056f9d9c5192,meityev_09611861e39a9da2dafa;meityev_50bd2f238812171aeb6e,,,,,,,,,True,NO_APPLICATION_ROUTE_CAPTURED,1,False,,True,meityclass_e84a6717fe5814bd6e0dce85,2026-07-15T08:15:07+00:00,HACKATHON,CHALLENGE_CALL,CALL_INSTANCE,,,CALLS_CHALLENGES,True,BLOCKED,False,VERIFIED_INFORMATION_SOURCE_REQUIRED;CALL_PARENT_PROGRAMME_REQUIRED,CALL_IDENTITY_RETAINED_WITHOUT_CURRENT_OPEN_STATUS;LINK_INTEGRITY_NOT_COMPLETE,NOT_PUBLISHED,False
meitybundle_4b1b886478e692555a3f,BATCH_CONFIRMATION,CONFIRM_CALL_OR_CHALLENGE_GROUP,Calls/challenges — SAMRIDH — HACKATHON,2,meitychild_69d76272a22e953174e3,IHMCL Barrier-less Free-flow Tolling and Intelligent Traffic Management Hackathon,Ihmcl,HACKATHON,HACKATHON,VERIFICATION_REQUIRED,VERIFICATION_REQUIRED,NOT_APPLICABLE,,False,False,False,False,False,False,,,,,,,SAMRIDH,Ihmcl,meitycall_b2b15a80eaf08c64193e,,,UNRESOLVED,UNSUPPORTED_PARENT_LINK_REMOVED;INFERRED_FAMILY_CLEARED,,,MATCHED_EXISTING_PROGRAMME,"meitycall_b2b15a80eaf08c64193e Ihmcl MeitY Startup Hub Ministry of Electronics and Information Technology (MeitY) MeitY Startup Hub APPLICATION_CALL CALL_INSTANCE 147173e17ea741687247 SAMRIDH CURATED_OFFICIAL_RELATIONSHIP https://msh.meity.gov.in/program/mshcorporate/ihmcl VERIFICATION_REQUIRED INSUFFICIENT_CURRENT_STATUS_EVIDENCE No verified current deadline and official application route were established. REQUIRES_ADMIN_VERIFICATION DIRECT_OR_REVIEW_REQUIRED UNKNOWN 0.600 True False Ihmcl Skip to main content meity-sthub@gov.in Contact : +91-11-24301244 ABOUT US SCHEMES PROGRAM NETWORKS RESOURCE MEDIA REGISTER LOGIN PROGRAMS > MSH CORPORATE > IHMCL BARRIER-LESS FREE-FLOW TOLLING SYSTEM AND INTELLIGENT TRAFFIC MANAGEMENT SYSTEM FOR IHMCL Background: With a view to leveraging the innovations by the Indian entrepreneurs and in line with mission of Digital India, Indian Highways Management","meitycall_b2b15a80eaf08c64193e Ihmcl MeitY Startup Hub Ministry of Electronics and Information Technology (MeitY) MeitY Startup Hub APPLICATION_CALL CALL_INSTANCE 147173e17ea741687247 SAMRIDH CURATED_OFFICIAL_RELATIONSHIP https://msh.meity.gov.in/program/mshcorporate/ihmcl VERIFICATION_REQUIRED INSUFFICIENT_CURRENT_STATUS_EVIDENCE No verified current deadline and official application route were established. REQUIRES_ADMIN_VERIFICATION DIRECT_OR_REVIEW_REQUIRED UNKNOWN 0.600 True False Ihmcl Skip to main content meity-sthub@gov.in Contact : +91-11-24301244 ABOUT US SCHEMES PROGRAM NETWORKS RESOURCE MEDIA REGISTER LOGIN PROGRAMS > MSH CORPORATE > IHMCL BARRIER-LESS FREE-FLOW TOLLING SYSTEM AND INTELLIGENT TRAFFIC MANAGEMENT SYSTEM FOR IHMCL Background: With a view to leveraging the innovations by the Indian entrepreneurs and in line with mission of Digital India, Indian Highways Management Company Limited (IHMCL) in collaboration with MeitY Startup Hub (MSH) organized a Hackathon with Indian start-ups for cost effective smart tolling solutions-based Barrier-less Free-flow Tolling System and Intelligent Traffic Management System. Read More >> Get to Know Terms & Conditions Sitemap Car",https://msh.meity.gov.in/program/mshcorporate/ihmcl,ALIASES_AND_EVIDENCE_CONSOLIDATED,False,False,meity380_cf8f3e21f48a5eaa8ed4,meityev_c0a5584a8490399a415a,meity380_1b40f41e18665500531d;meity380_cf8f3e21f48a5eaa8ed4,meityev_5cc2fd510fc1ae475e43;meityev_c0a5584a8490399a415a,,,,,,,,,True,NO_APPLICATION_ROUTE_CAPTURED,1,False,,True,meityclass_5185ef62b289f17c2141f901,2026-07-15T08:20:54+00:00,HACKATHON,CHALLENGE_CALL,CALL_INSTANCE,,,CALLS_CHALLENGES,True,BLOCKED,False,VERIFIED_INFORMATION_SOURCE_REQUIRED;CALL_PARENT_PROGRAMME_REQUIRED,CALL_IDENTITY_RETAINED_WITHOUT_CURRENT_OPEN_STATUS;LINK_INTEGRITY_NOT_COMPLETE,NOT_PUBLISHED,False
meitybundle_c3e0809d2cc6f8255260,BATCH_CONFIRMATION,CONFIRM_CALL_OR_CHALLENGE_GROUP,Calls/challenges — XR Startup Program — CHALLENGE_CALL,1,meitychild_6b38c86a4eee7308abac,XR Startup Program,XR Startup Program,CHALLENGE_CALL,CHALLENGE_CALL,VERIFICATION_REQUIRED,VERIFICATION_REQUIRED,NOT_APPLICABLE,,False,False,False,False,False,False,,,,,,,XR Startup Program,Xr Startup Program,meitycall_2f886d6194cb0b281a16,XR Startup Program,meitycall_2f886d6194cb0b281a16,DIRECT_PARENT_EVIDENCE,,XR Startup Program,,MATCHED_EXISTING_PROGRAMME,"meitycall_2f886d6194cb0b281a16 Xr Startup Program XR Startup Program https://msh.meity.gov.in/program/mshcorporate/xr-startup-program A startup accelerator programme identity is established, but no dated application call or completed cohort instance is currently separated from the permanent programme page. Discover and link individual accelerator or grand-challenge cohort windows. True False Skip to main content meity-sthub@gov.in Contact : +91-11-24301244 ABOUT US SCHEMES PROGRAM NETWORKS RESOURCE MEDIA REGISTER LOGIN Shortlisted Startups XR Startup Program A program to discover, nurture, and accelerate XR technology startups across India. About the program XR Startup Program is a collaboration between Meta and MeitY Startup Hub (MSH). The program aims to accelerate India’s contribution towards building the foundations of the metaverse and nurturing the development of Extended Reality (","meitycall_2f886d6194cb0b281a16 Xr Startup Program XR Startup Program https://msh.meity.gov.in/program/mshcorporate/xr-startup-program A startup accelerator programme identity is established, but no dated application call or completed cohort instance is currently separated from the permanent programme page. Discover and link individual accelerator or grand-challenge cohort windows. True False Skip to main content meity-sthub@gov.in Contact : +91-11-24301244 ABOUT US SCHEMES PROGRAM NETWORKS RESOURCE MEDIA REGISTER LOGIN Shortlisted Startups XR Startup Program A program to discover, nurture, and accelerate XR technology startups across India. About the program XR Startup Program is a collaboration between Meta and MeitY Startup Hub (MSH). The program aims to accelerate India’s contribution towards building the foundations of the metaverse and nurturing the development of Extended Reality (XR) technologies in India. The metaverse is the next generation of the internet. It will be a set of digital spaces, including 3D experiences that are all interconnected so people can easily move between them and will let people do things they could not do in the physical world. While the defining q",https://msh.meity.gov.in/program/mshcorporate/xr-startup-program,ALIASES_AND_EVIDENCE_CONSOLIDATED,False,False,meity380_ff5b65d75a51ac3d7f1d,meityev_d3a0b557f4434715fb97,meity380_e2809214946622f65fbc;meity380_ff5b65d75a51ac3d7f1d,meityev_a8e4eb7b7320c34309f0;meityev_d3a0b557f4434715fb97,,,,,,,,,True,NO_APPLICATION_ROUTE_CAPTURED,1,False,,True,meityclass_b584aec3ed7c5e5b35dd288e,2026-07-15T08:21:30+00:00,CHALLENGE_CALL,CHALLENGE_CALL,CALL_INSTANCE,,,CALLS_CHALLENGES,True,BLOCKED,False,VERIFIED_INFORMATION_SOURCE_REQUIRED;CALL_PARENT_PROGRAMME_REQUIRED,CALL_IDENTITY_RETAINED_WITHOUT_CURRENT_OPEN_STATUS;LINK_INTEGRITY_NOT_COMPLETE,NOT_PUBLISHED,False
meitybundle_309481c1ff310698dcfe,BATCH_CONFIRMATION,CONFIRM_CALL_OR_CHALLENGE_GROUP,Calls/challenges — inviting applications agrienics grand challenge — GRAND_CHALLENGE,1,meitychild_08dba9dc08b87e500754,Inviting Applications Agrienics Grand Challenge,Inviting Applications Agrienics Grand Challenge,GRAND_CHALLENGE,GRAND_CHALLENGE,VERIFICATION_REQUIRED,VERIFICATION_REQUIRED,NOT_APPLICABLE,,False,False,False,False,False,False,,,,,https://www.meity.gov.in/content/inviting-applications-agrienics-grand-challenge,,inviting applications agrienics grand challenge,,,,,UNRESOLVED,UNSUPPORTED_PARENT_LINK_REMOVED;INFERRED_FAMILY_CLEARED,,,PARENT_REQUIRES_ADMIN_VERIFICATION,,,https://www.meity.gov.in/content/inviting-applications-agrienics-grand-challenge,PARENT_UNRESOLVED,False,False,meity380_9e21a5ee4a964488f9dd,meityev_6ea11fc43306ed33cda0,meity380_9e21a5ee4a964488f9dd,meityev_6ea11fc43306ed33cda0,https://www.meity.gov.in/content/inviting-applications-agrienics-grand-challenge,CALL_INFORMATION_PAGE,Access Denied,meitylink_e1d7853829a4f35f063d,,,,,True,NO_APPLICATION_ROUTE_CAPTURED,1,True,,True,meityclass_9837d76e6c954e638122f608,2026-07-15T08:21:00+00:00,GRAND_CHALLENGE,CHALLENGE_CALL,CALL_INSTANCE,,,CALLS_CHALLENGES,True,BLOCKED,False,CALL_PARENT_PROGRAMME_REQUIRED,CALL_IDENTITY_RETAINED_WITHOUT_CURRENT_OPEN_STATUS,NOT_PUBLISHED,False
meitybundle_f96e74002f226b88bfca,BATCH_CONFIRMATION,CONFIRM_HISTORICAL_GROUP,Historical evidence — GENESIS,1,meitychild_378d06aa7453e109999b,Advancing India’s Startup Ecosystem: MeitY Startup Hub & Razorpay Partnership,Advancing India’s Startup Ecosystem: MeitY Startup Hub & Razorpay Partnership,RESULT_ANNOUNCEMENT,RESULT_ANNOUNCEMENT,HISTORICAL_CLOSED,VERIFICATION_REQUIRED,CURRENT_STATUS_NOT_PROVEN,,False,False,False,False,True,False,,,,,,,GENESIS,,,,,UNRESOLVED,UNSUPPORTED_PARENT_LINK_REMOVED;INFERRED_FAMILY_CLEARED,,,RELATED_CALL_REQUIRES_ADMIN_VERIFICATION,"MeityStartupHub Skip to main content meity-sthub@gov.in Contact : +91-11-24301244 A + A - A A A REGISTER LOGIN ABOUT US Organisation Profile Team DIC MSH logo usage guidelines Apply for MSH logo Newsletter Contact Us Innovation Patent & IPR Support SCHEMES SAMRIDH TIDE 2.0 SITAA SASACT GENESIS PROGRAM MSH Corporate SBI TALLY RAZORPAY PARTNERSHIP MATHWORKS MICRON SAMSUNG ""SOLVE FOR TOMORROW"" GOOGLE APPSCALE 2023 IMPACT BHUMI - BSF DRISHTI - SSB IHMCL META XR Startup Program Global Startup Bridge IFTECH BRUSSELS 2025 VIVATECH 2023 VIVATECH 2022 COE INCUBATOR NETWORKS Startups Incubators Mentors Accelerators COE Investors RESOURCE Labs Venue Space Co working space Equipment Startup School IPR Support MEDIA Press Releases Social Media News Gallery Events G20 DIA Overview Exhibition Program at Glance The Summit Speakers & Juries Gallery More Publications CAREERS MEDIA Press Releases Social Me","MeityStartupHub Skip to main content meity-sthub@gov.in Contact : +91-11-24301244 A + A - A A A REGISTER LOGIN ABOUT US Organisation Profile Team DIC MSH logo usage guidelines Apply for MSH logo Newsletter Contact Us Innovation Patent & IPR Support SCHEMES SAMRIDH TIDE 2.0 SITAA SASACT GENESIS PROGRAM MSH Corporate SBI TALLY RAZORPAY PARTNERSHIP MATHWORKS MICRON SAMSUNG ""SOLVE FOR TOMORROW"" GOOGLE APPSCALE 2023 IMPACT BHUMI - BSF DRISHTI - SSB IHMCL META XR Startup Program Global Startup Bridge IFTECH BRUSSELS 2025 VIVATECH 2023 VIVATECH 2022 COE INCUBATOR NETWORKS Startups Incubators Mentors Accelerators COE Investors RESOURCE Labs Venue Space Co working space Equipment Startup School IPR Support MEDIA Press Releases Social Media News Gallery Events G20 DIA Overview Exhibition Program at Glance The Summit Speakers & Juries Gallery More Publications CAREERS MEDIA Press Releases Social Media News Gallery EVENTS G20 DIA Overview Exhibition Program at Glance The Summit Speakers & Juries Gallery More REGISTER LOGIN PARTICIPATE MedTech OCP 4.0 MedTech is a Center of Entrepreneurship in the field of MediElectronics and Health Deadline: Mar 29, 2023 PROGRAMS > MSH CORPORATE > RAZORPAY PAR",https://msh.meity.gov.in/program/mshcorporate/razorpaypartnership,RELATED_CALL_UNRESOLVED;OPENING_DATE_CONTEXT_NOT_PROVEN;CLOSING_DATE_CONTEXT_NOT_PROVEN;FOOTER_DATE_REMOVED;FOOTER_OR_PAGE_DATE_REMOVED,False,False,meity380_c91d338b4e9ceb62bb73,meityev_fdcbbebf24f2144180f7,meity380_c91d338b4e9ceb62bb73,meityev_fdcbbebf24f2144180f7,,,,,,,,,True,GLOBAL_CURRENT_EVIDENCE_INCOMPLETE,2,False,https://msh.meity.gov.in/about/applyforthelogo,True,meityclass_801be497e3f7368601c8d0aa,2026-07-15T08:14:53+00:00,RESULT_ANNOUNCEMENT,HISTORICAL_REFERENCE,HISTORICAL_REFERENCE,,,HISTORICAL,True,BLOCKED,False,VERIFIED_INFORMATION_SOURCE_REQUIRED,LINK_INTEGRITY_NOT_COMPLETE,NOT_PUBLISHED,False
meitybundle_f96e74002f226b88bfca,BATCH_CONFIRMATION,CONFIRM_HISTORICAL_GROUP,Historical evidence — GENESIS,2,meitychild_1e9c1875072fc1cf487b,XR Startup Program,XR Startup Program,RESULT_ANNOUNCEMENT,RESULT_ANNOUNCEMENT,HISTORICAL_CLOSED,VERIFICATION_REQUIRED,CURRENT_STATUS_NOT_PROVEN,,False,False,False,False,True,False,,,,,,,GENESIS,Xr Startup Program,meitycall_2f886d6194cb0b281a16,XR Startup Program,meitycall_2f886d6194cb0b281a16,DIRECT_PARENT_EVIDENCE,INFERRED_FAMILY_REPAIRED,XR Startup Program,,LINKED_TO_CALL_CANDIDATE,"MeityStartupHub Skip to main content meity-sthub@gov.in Contact : +91-11-24301244 A + A - A A A REGISTER LOGIN ABOUT US Organisation Profile Team DIC MSH logo usage guidelines Apply for MSH logo Newsletter Contact Us Innovation Patent & IPR Support SCHEMES SAMRIDH TIDE 2.0 SITAA SASACT GENESIS PROGRAM MSH Corporate SBI TALLY RAZORPAY PARTNERSHIP MATHWORKS MICRON SAMSUNG ""SOLVE FOR TOMORROW"" GOOGLE APPSCALE 2023 IMPACT BHUMI - BSF DRISHTI - SSB IHMCL META XR Startup Program Global Startup Bridge IFTECH BRUSSELS 2025 VIVATECH 2023 VIVATECH 2022 COE INCUBATOR NETWORKS Startups Incubators Mentors Accelerators COE Investors RESOURCE Labs Venue Space Co working space Equipment Startup School IPR Support MEDIA Press Releases Social Media News Gallery Events G20 DIA Overview Exhibition Program at Glance The Summit Speakers & Juries Gallery More Publications CAREERS MEDIA Press Releases Social Me","MeityStartupHub Skip to main content meity-sthub@gov.in Contact : +91-11-24301244 A + A - A A A REGISTER LOGIN ABOUT US Organisation Profile Team DIC MSH logo usage guidelines Apply for MSH logo Newsletter Contact Us Innovation Patent & IPR Support SCHEMES SAMRIDH TIDE 2.0 SITAA SASACT GENESIS PROGRAM MSH Corporate SBI TALLY RAZORPAY PARTNERSHIP MATHWORKS MICRON SAMSUNG ""SOLVE FOR TOMORROW"" GOOGLE APPSCALE 2023 IMPACT BHUMI - BSF DRISHTI - SSB IHMCL META XR Startup Program Global Startup Bridge IFTECH BRUSSELS 2025 VIVATECH 2023 VIVATECH 2022 COE INCUBATOR NETWORKS Startups Incubators Mentors Accelerators COE Investors RESOURCE Labs Venue Space Co working space Equipment Startup School IPR Support MEDIA Press Releases Social Media News Gallery Events G20 DIA Overview Exhibition Program at Glance The Summit Speakers & Juries Gallery More Publications CAREERS MEDIA Press Releases Social Media News Gallery EVENTS G20 DIA Overview Exhibition Program at Glance The Summit Speakers & Juries Gallery More REGISTER LOGIN PARTICIPATE MedTech OCP 4.0 MedTech is a Center of Entrepreneurship in the field of MediElectronics and Health Deadline: Mar 29, 2023 Shortlisted Startups XR Startup Program",https://msh.meity.gov.in/program/mshcorporate/xr-startup-program,OPENING_DATE_CONTEXT_NOT_PROVEN;CLOSING_DATE_CONTEXT_NOT_PROVEN,False,False,meity380_d529daa3546fbbb07c5c,meityev_a1dcfdf652320f999ed5,meity380_d529daa3546fbbb07c5c,meityev_a1dcfdf652320f999ed5,,,,,,,,,True,GLOBAL_CURRENT_EVIDENCE_INCOMPLETE,2,False,https://msh.meity.gov.in/about/applyforthelogo,True,meityclass_95b86c2e23afd71ad108c839,2026-07-15T08:21:30+00:00,RESULT_ANNOUNCEMENT,RESULT_ANNOUNCEMENT,HISTORICAL_REFERENCE,,,HISTORICAL,True,BLOCKED,False,VERIFIED_INFORMATION_SOURCE_REQUIRED,LINK_INTEGRITY_NOT_COMPLETE,NOT_PUBLISHED,False
meitybundle_85146a21f2e45072d8dc,BATCH_CONFIRMATION,CONFIRM_HISTORICAL_GROUP,Historical evidence — SAMRIDH,1,meitychild_fa196829eac4e1db0dc4,The Summit,The Summit,RESULT_ANNOUNCEMENT,RESULT_ANNOUNCEMENT,HISTORICAL_CLOSED,HISTORICAL_CLOSED,NOT_APPLICABLE,,False,False,False,False,False,False,,,,,,,SAMRIDH,,,,,UNRESOLVED,UNSUPPORTED_PARENT_LINK_REMOVED;INFERRED_FAMILY_CLEARED,,,RELATED_CALL_REQUIRES_ADMIN_VERIFICATION,"meitycall_8d44c653724d98cb049d The Summit MeitY Startup Hub Ministry of Electronics and Information Technology (MeitY) MeitY Startup Hub APPLICATION_CALL CALL_INSTANCE 147173e17ea741687247 SAMRIDH CURATED_OFFICIAL_RELATIONSHIP https://msh.meity.gov.in/g20dia/the-summit VERIFICATION_REQUIRED INSUFFICIENT_CURRENT_STATUS_EVIDENCE No verified current deadline and official application route were established. REQUIRES_ADMIN_VERIFICATION DIRECT_OR_REVIEW_REQUIRED UNKNOWN 0.600 True False The Summit Skip to main content meity-sthub@gov.in Contact : +91-11-24301244 ABOUT US SCHEMES PROGRAM NETWORKS RESOURCE MEDIA REGISTER LOGIN G20 DIA > The Summit Conference The 3-day Conference at the G20 Digital Innovation Alliance Summit is set to be a convergence of innovation, collaboration, and transformative ideas under the central event theme- 'Driving Digital Innovation for World Economies'. Bringing to","meitycall_8d44c653724d98cb049d The Summit MeitY Startup Hub Ministry of Electronics and Information Technology (MeitY) MeitY Startup Hub APPLICATION_CALL CALL_INSTANCE 147173e17ea741687247 SAMRIDH CURATED_OFFICIAL_RELATIONSHIP https://msh.meity.gov.in/g20dia/the-summit VERIFICATION_REQUIRED INSUFFICIENT_CURRENT_STATUS_EVIDENCE No verified current deadline and official application route were established. REQUIRES_ADMIN_VERIFICATION DIRECT_OR_REVIEW_REQUIRED UNKNOWN 0.600 True False The Summit Skip to main content meity-sthub@gov.in Contact : +91-11-24301244 ABOUT US SCHEMES PROGRAM NETWORKS RESOURCE MEDIA REGISTER LOGIN G20 DIA > The Summit Conference The 3-day Conference at the G20 Digital Innovation Alliance Summit is set to be a convergence of innovation, collaboration, and transformative ideas under the central event theme- 'Driving Digital Innovation for World Economies'. Bringing together start-ups, Central & State government agencies, corporates, research and development institutions, and academia from G20 member countries and 9 guest countries, the conference will serve as a platform for global digital advancements. Key Focus Sectors Winner of G20-DIA Global Pitching Edtech ",https://msh.meity.gov.in/g20dia/the-summit,RELATED_CALL_UNRESOLVED,False,False,meity380_45fcb452a47415cc5e5a,meityev_11ca533254a8c710358a,meity380_45fcb452a47415cc5e5a,meityev_11ca533254a8c710358a,,,,,,,,,True,NO_APPLICATION_ROUTE_CAPTURED,1,False,,True,meityclass_91296653e0e0e5b40f4e97cb,2026-07-15T08:21:28+00:00,RESULT_ANNOUNCEMENT,RESULT_ANNOUNCEMENT,HISTORICAL_REFERENCE,,,HISTORICAL,True,BLOCKED,False,VERIFIED_INFORMATION_SOURCE_REQUIRED,LINK_INTEGRITY_NOT_COMPLETE,NOT_PUBLISHED,False
