master_id,scheme_name,original_sectors,primary_sector,secondary_sectors,all_sectors,confidence,method,review_required,evidence_summary,scored_candidates,fetched_urls,fetch_notes,llm_used,llm_note
2fcf4cfd53ae3826cf8c,Bio-AI / BioE3 Mulankur Hubs,"[""Biotechnology & Life Sciences""]",Biotechnology & Life Sciences,[],"[""Biotechnology & Life Sciences""]",0.97,EXISTING_SECTOR_CONFIRMED,False,"scheme_name: bioe3, bio-ai; sector: biotechnology, biotech, life sciences; official_page_text: biotechnology, biotech, bioe3, bio-ai","{""Biotechnology & Life Sciences"": 29.5, ""Artificial Intelligence & Data"": 7.5, ""Cross-sector MSME & Startup Finance"": 5.0, ""Healthcare & MedTech"": 5.0, ""Pharmaceuticals & Drug Discovery"": 5.0, ""Electronics & Semiconductors"": 2.5, ""Manufacturing & Industry 4.0"": 2.5, ""Social Impact & Rural Innovation"": 2.5}","[""https://birac.nic.in/desc_new.php?id=1334"", ""https://birac.nic.in/login.php""]","[""https://birac.nic.in/desc_new.php?id=1334::HTTP_200"", ""https://birac.nic.in/login.php::HTTP_200""]",False,LM_NOT_REQUESTED
4dffaf1021d344e091ab,Startup India Seed Fund Scheme (SISFS),"[""Cross-sector MSME & Startup Finance""]",Cross-sector MSME & Startup Finance,[],"[""Cross-sector MSME & Startup Finance""]",0.877,EXISTING_SECTOR_CONFIRMED,False,scheme_name: seed fund,"{""Cross-sector MSME & Startup Finance"": 5.0}","[""https://seedfund.startupindia.gov.in/""]","[""https://seedfund.startupindia.gov.in/::HTTP_200""]",False,LM_NOT_REQUESTED
c684dceb539277134b92,Credit Guarantee Scheme for Startups (CGSS),"[""Cross-sector MSME & Startup Finance""]",Cross-sector MSME & Startup Finance,[],"[""Cross-sector MSME & Startup Finance""]",0.97,EXISTING_SECTOR_CONFIRMED,False,"scheme_name: credit guarantee; official_page_text: credit guarantee, fund of funds, seed fund, working capital","{""Cross-sector MSME & Startup Finance"": 12.5, ""Cross-sector Innovation & Entrepreneurship"": 5.0}","[""https://www.startupindia.gov.in/content/sih/en/credit-guarantee-scheme-for-startups.html""]","[""https://www.startupindia.gov.in/content/sih/en/credit-guarantee-scheme-for-startups.html::HTTP_200""]",False,LM_NOT_REQUESTED
f60669191ee8384cbb3f,Grand Challenges India (GCI),"[""Biotechnology & Life Sciences"", ""Healthcare & MedTech"", ""Pharmaceuticals & Drug Discovery""]",Biotechnology & Life Sciences,"[""Pharmaceuticals & Drug Discovery"", ""Healthcare & MedTech""]","[""Biotechnology & Life Sciences"", ""Pharmaceuticals & Drug Discovery"", ""Healthcare & MedTech""]",0.87,EXISTING_SECTOR_CONFIRMED,False,"sector: biotechnology, biotech, life sciences; official_page_text: biotechnology, biotech","{""Biotechnology & Life Sciences"": 17.0, ""Pharmaceuticals & Drug Discovery"": 17.0, ""Healthcare & MedTech"": 13.0, ""Cross-sector MSME & Startup Finance"": 5.0, ""Education & EdTech"": 4.0, ""Electronics & Semiconductors"": 2.5, ""Social Impact & Rural Innovation"": 2.5}","[""https://birac.nic.in/desc_new.php?id=1327"", ""https://birac.nic.in/login.php""]","[""https://birac.nic.in/desc_new.php?id=1327::HTTP_200"", ""https://birac.nic.in/login.php::HTTP_200""]",False,LM_NOT_REQUESTED
b1_d609e0f5ca82fb6e6416,Schemes,"[""Sector Agnostic / Multi-sector""]",Cross-sector Innovation & Entrepreneurship,[],"[""Cross-sector Innovation & Entrepreneurship""]",0.937,DETERMINISTIC_EVIDENCE,False,"sector: sector agnostic, multi-sector","{""Cross-sector Innovation & Entrepreneurship"": 8.0}","[""https://www.msme.gov.in/schemes""]","[""https://www.msme.gov.in/schemes::HTTP_200""]",False,LM_NOT_REQUESTED
b1_a02a958be1d45a9fabaa,Startup India Fund Of Funds 2.0 Scheme.Pdf,"[""Cross-sector MSME & Startup Finance""]",Cross-sector MSME & Startup Finance,[],"[""Cross-sector MSME & Startup Finance""]",0.877,EXISTING_SECTOR_CONFIRMED,False,scheme_name: fund of funds,"{""Cross-sector MSME & Startup Finance"": 5.0}","[""https://www.startupindia.gov.in/content/dam/startupindia/Startup-India-Fund-of-Funds-2.0-Scheme.pdf""]","[""https://www.startupindia.gov.in/content/dam/startupindia/Startup-India-Fund-of-Funds-2.0-Scheme.pdf::PDF_NOT_PARSED""]",False,LM_NOT_REQUESTED
b1_1692cd16d54709c21f57,Startup Schemes Playbook June 2026.Pdf,"[""Sector Agnostic / Multi-sector""]",Cross-sector Innovation & Entrepreneurship,[],"[""Cross-sector Innovation & Entrepreneurship""]",0.937,DETERMINISTIC_EVIDENCE,False,"sector: sector agnostic, multi-sector","{""Cross-sector Innovation & Entrepreneurship"": 8.0}","[""https://www.startupindia.gov.in/content/dam/startupindia/homebanners/Startup-Schemes-Playbook-June-2026.pdf""]","[""https://www.startupindia.gov.in/content/dam/startupindia/homebanners/Startup-Schemes-Playbook-June-2026.pdf::PDF_NOT_PARSED""]",False,LM_NOT_REQUESTED
b1_0ef15a88db817bcdd2b9,Sitemap.Xml,"[""Sector Agnostic / Multi-sector""]",Cross-sector Innovation & Entrepreneurship,[],"[""Cross-sector Innovation & Entrepreneurship""]",0.937,DETERMINISTIC_EVIDENCE,False,"sector: sector agnostic, multi-sector","{""Cross-sector Innovation & Entrepreneurship"": 8.0, ""Digital Technology & Software"": 1.0, ""Electronics & Semiconductors"": 1.0}","[""https://www.myscheme.gov.in/sitemap.xml""]","[""https://www.myscheme.gov.in/sitemap.xml::HTTP_200""]",False,LM_NOT_REQUESTED
b1_bcfa2541b23572c907ee,Schemes.Aspx,"[""Sector Agnostic / Multi-sector""]",Cross-sector Innovation & Entrepreneurship,[],"[""Cross-sector Innovation & Entrepreneurship""]",0.937,DETERMINISTIC_EVIDENCE,False,"sector: sector agnostic, multi-sector","{""Cross-sector Innovation & Entrepreneurship"": 8.0}","[""https://dcmsme.gov.in/schemes.aspx""]","[""https://dcmsme.gov.in/schemes.aspx::HTTP_200""]",False,LM_NOT_REQUESTED
b1_0d0b5796ed528f890f2d,Sitemap.Xml,"[""Cross-sector Innovation & Entrepreneurship""]",Cross-sector Innovation & Entrepreneurship,[],"[""Cross-sector Innovation & Entrepreneurship""]",0.82,CROSS_SECTOR_FALLBACK,False,broad innovation/entrepreneurship support without an industry restriction,"{""Manufacturing & Industry 4.0"": 4.5}","[""https://champions.gov.in/sitemap.xml"", ""https://champions.gov.in/mailor/SopDraft.htm""]","[""https://champions.gov.in/sitemap.xml::HTTP_200"", ""https://champions.gov.in/mailor/SopDraft.htm::HTTP_200""]",False,LM_NOT_REQUESTED
b1_1259aff904001b93e80c,myScheme,"[""Digital Technology & Software""]",Digital Technology & Software,[],"[""Digital Technology & Software""]",0.97,EXISTING_SECTOR_CONFIRMED,False,"sector: software, digital technology; ministry: information technology","{""Digital Technology & Software"": 9.0, ""Electronics & Semiconductors"": 3.5}","[""https://www.myscheme.gov.in/""]","[""https://www.myscheme.gov.in/::HTTP_200""]",False,LM_NOT_REQUESTED
b1_98664c06a5f9d1eee056,Distressed Assets Fund.Pdf,"[""Cross-sector MSME & Startup Finance""]",Cross-sector MSME & Startup Finance,[],"[""Cross-sector MSME & Startup Finance""]",0.75,CROSS_SECTOR_FALLBACK,False,broad financial instrument without an industry restriction,{},"[""https://champions.gov.in/Docs/Distressed Assets Fund.pdf""]","[""https://champions.gov.in/Docs/Distressed Assets Fund.pdf::PDF_NOT_PARSED""]",False,LM_NOT_REQUESTED
b1_a4ddb9b174444c0cb2a3,Msme Launches Another Funding Scheme To Help The Distressed Msme Sector.Pdf,"[""Cross-sector MSME & Startup Finance""]",Cross-sector MSME & Startup Finance,[],"[""Cross-sector MSME & Startup Finance""]",0.75,CROSS_SECTOR_FALLBACK,False,broad financial instrument without an industry restriction,{},"[""https://champions.gov.in/Docs/MSME launches another funding scheme to help the distressed MSME sector.pdf""]","[""https://champions.gov.in/Docs/MSME launches another funding scheme to help the distressed MSME sector.pdf::PDF_NOT_PARSED""]",False,LM_NOT_REQUESTED
b1_5a9643aad62a6ba1e2e0,Flipbookenglishschemebooklet.Pdf,"[""Sector Agnostic / Multi-sector""]",Cross-sector Innovation & Entrepreneurship,[],"[""Cross-sector Innovation & Entrepreneurship""]",0.937,DETERMINISTIC_EVIDENCE,False,"sector: sector agnostic, multi-sector","{""Cross-sector Innovation & Entrepreneurship"": 8.0}","[""https://msme.gov.in/sites/default/files/FlipbookEnglishSchemeBooklet.pdf""]","[""https://msme.gov.in/sites/default/files/FlipbookEnglishSchemeBooklet.pdf::FETCH_ERROR:HTTPError""]",False,LM_NOT_REQUESTED
b1_c2e9280b037e84eb773b,NTSC Aligarh | NSIC Technical Services Centres | NTSC |TIC | LBI | testing laboratories accredited by NABL / BIS | NSIC Services | NSIC - NSIC : National Small Industries Corporati,"[""Sector Agnostic / Multi-sector"", ""Robotics & Automation""]",Robotics & Automation,[],"[""Robotics & Automation""]",0.95,SECTOR_CONFLICT_REVIEW,True,"sector: robotics, robot, automation; official_page_text: robotics, robot; original sector conflicted: Sector Agnostic / Multi-sector","{""Robotics & Automation"": 17.0, ""Sector Agnostic / Multi-sector"": 8.5, ""Cross-sector Innovation & Entrepreneurship"": 8.0, ""Digital Technology & Software"": 2.5}","[""https://www.nsic.co.in/NTSC/Aligarh""]","[""https://www.nsic.co.in/NTSC/Aligarh::HTTP_200""]",False,LM_NOT_REQUESTED
b1_ecffdf887de65cf27442,NTSC Chennai | NSIC Technical Services Centres | NTSC |TIC | LBI | testing laboratories accredited by NABL / BIS | NSIC Services | NSIC - NSIC : National Small Industries Corporati,"[""Sector Agnostic / Multi-sector""]",Sector Agnostic / Multi-sector,[],"[""Sector Agnostic / Multi-sector""]",0.887,EXISTING_SECTOR_CONFIRMED,False,scheme_name: all industries; source: all industries; official_page_text: all industries,"{""Sector Agnostic / Multi-sector"": 8.5, ""Cross-sector Innovation & Entrepreneurship"": 8.0}","[""https://www.nsic.co.in/NTSC/Chennai""]","[""https://www.nsic.co.in/NTSC/Chennai::HTTP_200""]",False,LM_NOT_REQUESTED
b1_792f62c29d5374694d71,"NTSC Neemka, Faridabad | NSIC Technical Services Centres | NTSC |TIC | LBI | testing laboratories accredited by NABL / BIS | NSIC Services | NSIC - NSIC : National Small Industries","[""Sector Agnostic / Multi-sector"", ""Robotics & Automation""]",Robotics & Automation,[],"[""Robotics & Automation""]",0.95,SECTOR_CONFLICT_REVIEW,True,"sector: robotics, robot, automation; official_page_text: robotics, robot, automation, industrial automation; original sector conflicted: Sector Agnostic / Multi-sector","{""Robotics & Automation"": 19.5, ""Sector Agnostic / Multi-sector"": 8.5, ""Cross-sector Innovation & Entrepreneurship"": 8.0, ""Electronics & Semiconductors"": 2.5, ""Social Impact & Rural Innovation"": 2.5}","[""https://www.nsic.co.in/NTSC/Faridabad""]","[""https://www.nsic.co.in/NTSC/Faridabad::HTTP_200""]",False,LM_NOT_REQUESTED
b1_f58742201a34325794e5,"NTSC Howrah, West Bengal | NSIC Technical Services Centres | NTSC |TIC | LBI | testing laboratories accredited by NABL / BIS | NSIC Services | NSIC - NSIC : National Small Industri","[""Cross-sector Innovation & Entrepreneurship""]",Cross-sector Innovation & Entrepreneurship,[],"[""Cross-sector Innovation & Entrepreneurship""]",0.783,CROSS_SECTOR_FALLBACK,False,broad innovation/entrepreneurship support without an industry restriction,"{""Sector Agnostic / Multi-sector"": 3.5}","[""https://www.nsic.co.in/NTSC/Howrah""]","[""https://www.nsic.co.in/NTSC/Howrah::HTTP_200""]",False,LM_NOT_REQUESTED
b1_e29a386a8de323617ac8,"NTSC Hyderabad, Telangana | NSIC Technical Services Centres | NTSC |TIC | LBI | testing laboratories accredited by NABL / BIS | NSIC Services | NSIC - NSIC : National Small Industr","[""Digital Technology & Software""]",Digital Technology & Software,[],"[""Digital Technology & Software""]",0.97,EXISTING_SECTOR_CONFIRMED,False,"sector: software, digital technology; official_page_text: software, information technology","{""Digital Technology & Software"": 13.0, ""Sector Agnostic / Multi-sector"": 3.5, ""Electronics & Semiconductors"": 2.5}","[""https://www.nsic.co.in/NTSC/Hyderabad""]","[""https://www.nsic.co.in/NTSC/Hyderabad::HTTP_200""]",False,LM_NOT_REQUESTED
b1_9647c41fe292f05075fe,Material Testing Labs | NSIC Technical Services Centres | NTSC |TIC | LBI | testing laboratories accredited by NABL / BIS | NSIC Services | NSIC - NSIC : National Small Industries,"[""Sector Agnostic / Multi-sector""]",Sector Agnostic / Multi-sector,[],"[""Sector Agnostic / Multi-sector""]",0.887,EXISTING_SECTOR_CONFIRMED,False,scheme_name: all industries; source: all industries; official_page_text: all industries,"{""Sector Agnostic / Multi-sector"": 8.5, ""Cross-sector Innovation & Entrepreneurship"": 8.0, ""Automotive & Mobility"": 2.5}","[""https://www.nsic.co.in/NTSC/MaterialTestingLabs""]","[""https://www.nsic.co.in/NTSC/MaterialTestingLabs::HTTP_200""]",False,LM_NOT_REQUESTED
b1_adcc80ebc251c5699fd3,"NTSC Okhla, New Delhi | NSIC Technical Services Centres | NTSC |TIC | LBI | testing laboratories accredited by NABL / BIS | NSIC Services | NSIC - NSIC : National Small Industries","[""Sector Agnostic / Multi-sector"", ""Digital Technology & Software""]",Digital Technology & Software,[],"[""Digital Technology & Software""]",0.95,SECTOR_CONFLICT_REVIEW,True,"sector: software, digital technology; official_page_text: software, information technology; original sector conflicted: Sector Agnostic / Multi-sector","{""Digital Technology & Software"": 13.0, ""Sector Agnostic / Multi-sector"": 8.5, ""Cross-sector Innovation & Entrepreneurship"": 8.0, ""Electronics & Semiconductors"": 2.5, ""Manufacturing & Industry 4.0"": 2.5, ""Media, Gaming & Creative Industries"": 2.5, ""Renewable Energy & Energy Storage"": 2.5, ""Textiles, Apparel & Handicrafts"": 2.5}","[""https://www.nsic.co.in/NTSC/Okhla""]","[""https://www.nsic.co.in/NTSC/Okhla::HTTP_200""]",False,LM_NOT_REQUESTED
b1_59487b4496e888df24a8,"NTSC Rajkot, Gujarat | NSIC Technical Services Centres | NTSC |TIC | LBI | testing laboratories accredited by NABL / BIS | NSIC Services | NSIC - NSIC : National Small Industries C","[""Sector Agnostic / Multi-sector""]",Sector Agnostic / Multi-sector,[],"[""Sector Agnostic / Multi-sector""]",0.887,EXISTING_SECTOR_CONFIRMED,False,scheme_name: all industries; source: all industries; official_page_text: all industries,"{""Sector Agnostic / Multi-sector"": 8.5, ""Cross-sector Innovation & Entrepreneurship"": 8.0, ""Renewable Energy & Energy Storage"": 2.5}","[""https://www.nsic.co.in/NTSC/Rajkot""]","[""https://www.nsic.co.in/NTSC/Rajkot::HTTP_200""]",False,LM_NOT_REQUESTED
b1_3de6025f3c9464f01990,"NTSC Rajpura, Punjab |NSIC Technical Services Centres | NTSC |TIC | LBI | testing laboratories accredited by NABL / BIS | NSIC Services | NSIC - NSIC : National Small Industries Co","[""Sector Agnostic / Multi-sector""]",Sector Agnostic / Multi-sector,[],"[""Sector Agnostic / Multi-sector""]",0.887,EXISTING_SECTOR_CONFIRMED,False,scheme_name: all industries; source: all industries; official_page_text: all industries,"{""Sector Agnostic / Multi-sector"": 8.5, ""Cross-sector Innovation & Entrepreneurship"": 8.0}","[""https://www.nsic.co.in/NTSC/Rajpura""]","[""https://www.nsic.co.in/NTSC/Rajpura::HTTP_200""]",False,LM_NOT_REQUESTED
b1_ee767f73e3c7dc192c82,Angel And Venture Funding.Html,"[""Cross-sector MSME & Startup Finance""]",Cross-sector MSME & Startup Finance,[],"[""Cross-sector MSME & Startup Finance""]",0.877,EXISTING_SECTOR_CONFIRMED,False,scheme_name: venture fund,"{""Cross-sector MSME & Startup Finance"": 5.0}","[""https://www.startupindia.gov.in/content/sih/en/compendium_of_good_practices/angel_and_venture_funding.html""]","[""https://www.startupindia.gov.in/content/sih/en/compendium_of_good_practices/angel_and_venture_funding.html::FETCH_ERROR:HTTPError""]",False,LM_NOT_REQUESTED
b1_08b10de5b708d93fcf97,Incubationsupport.Html,"[""Cross-sector Innovation & Entrepreneurship""]",Cross-sector Innovation & Entrepreneurship,[],"[""Cross-sector Innovation & Entrepreneurship""]",0.75,CROSS_SECTOR_FALLBACK,False,scheme_type: incubation support; broad innovation/entrepreneurship support without an industry restriction,"{""Cross-sector Innovation & Entrepreneurship"": 1.0}","[""https://www.startupindia.gov.in/content/sih/en/compendium_of_good_practices/incubationsupport.html""]","[""https://www.startupindia.gov.in/content/sih/en/compendium_of_good_practices/incubationsupport.html::FETCH_ERROR:HTTPError""]",False,LM_NOT_REQUESTED
b1_3384419c8227bfb23274,Seedfundingsupport.Html,"[""Cross-sector MSME & Startup Finance""]",Cross-sector MSME & Startup Finance,[],"[""Cross-sector MSME & Startup Finance""]",0.75,CROSS_SECTOR_FALLBACK,False,broad financial instrument without an industry restriction,{},"[""https://www.startupindia.gov.in/content/sih/en/compendium_of_good_practices/seedfundingsupport.html""]","[""https://www.startupindia.gov.in/content/sih/en/compendium_of_good_practices/seedfundingsupport.html::FETCH_ERROR:HTTPError""]",False,LM_NOT_REQUESTED
b1_45684abc149163279b88,Government Schemes.Html,"[""Sector Agnostic / Multi-sector""]",Cross-sector Innovation & Entrepreneurship,[],"[""Cross-sector Innovation & Entrepreneurship""]",0.937,DETERMINISTIC_EVIDENCE,False,"sector: sector agnostic, multi-sector","{""Cross-sector Innovation & Entrepreneurship"": 8.0}","[""https://www.startupindia.gov.in/content/sih/en/reources/government-schemes.html""]","[""https://www.startupindia.gov.in/content/sih/en/reources/government-schemes.html::FETCH_ERROR:HTTPError""]",False,LM_NOT_REQUESTED
b1_b1347dfef953b2f37cb9,Search.Html,"[""Cross-sector MSME & Startup Finance""]",Cross-sector MSME & Startup Finance,[],"[""Cross-sector MSME & Startup Finance""]",0.89,EXISTING_SECTOR_CONFIRMED,False,"official_page_text: credit guarantee, fund of funds, seed fund","{""Cross-sector MSME & Startup Finance"": 7.5, ""Cross-sector Innovation & Entrepreneurship"": 6.0}","[""https://www.startupindia.gov.in/content/sih/en/search.html?roles=Incubator""]","[""https://www.startupindia.gov.in/content/sih/en/search.html?roles=Incubator::HTTP_200""]",False,LM_NOT_REQUESTED
b1_196ff6953f2be52364bb,International.Html,"[""Cross-sector MSME & Startup Finance""]",Cross-sector MSME & Startup Finance,[],"[""Cross-sector MSME & Startup Finance""]",0.923,EXISTING_SECTOR_CONFIRMED,False,"official_page_text: credit guarantee, fund of funds, seed fund","{""Cross-sector MSME & Startup Finance"": 7.5, ""Cross-sector Innovation & Entrepreneurship"": 5.0}","[""https://www.startupindia.gov.in/content/sih/en/startup-scheme/international.html""]","[""https://www.startupindia.gov.in/content/sih/en/startup-scheme/international.html::HTTP_200""]",False,LM_NOT_REQUESTED
b1_a65fb32d75c063a5384e,Academia%20Incubator%20Engagement.Pdf,"[""Cross-sector Innovation & Entrepreneurship""]",Cross-sector Innovation & Entrepreneurship,[],"[""Cross-sector Innovation & Entrepreneurship""]",0.75,CROSS_SECTOR_FALLBACK,False,scheme_type: incubation support; broad innovation/entrepreneurship support without an industry restriction,"{""Cross-sector Innovation & Entrepreneurship"": 1.0}","[""https://www.startupindia.gov.in/content/dam/invest-india/Templates/public/incubator_page_content/Academia%20Incubator%20engagement.pdf""]","[""https://www.startupindia.gov.in/content/dam/invest-india/Templates/public/incubator_page_content/Academia%20Incubator%20engagement.pdf::PDF_NOT_PARSED""]",False,LM_NOT_REQUESTED
b1_8d0f2938b633c1dc084b,Accelerator%20Market%20Fit%20.Pdf,"[""Cross-sector Innovation & Entrepreneurship""]",Cross-sector Innovation & Entrepreneurship,[],"[""Cross-sector Innovation & Entrepreneurship""]",0.943,EXISTING_SECTOR_CONFIRMED,False,scheme_name: accelerator; scheme_type: incubation support; field_evidence: accelerator,"{""Cross-sector Innovation & Entrepreneurship"": 7.0}","[""https://www.startupindia.gov.in/content/dam/invest-india/Templates/public/incubator_page_content/Accelerator%20Market%20Fit%20.pdf""]","[""https://www.startupindia.gov.in/content/dam/invest-india/Templates/public/incubator_page_content/Accelerator%20Market%20Fit%20.pdf::PDF_NOT_PARSED""]",False,LM_NOT_REQUESTED
b1_895c09f897c6eb7dd823,Handbook%20For%20Incubator%20Managers.Pdf,"[""Cross-sector Innovation & Entrepreneurship""]",Cross-sector Innovation & Entrepreneurship,[],"[""Cross-sector Innovation & Entrepreneurship""]",0.75,CROSS_SECTOR_FALLBACK,False,scheme_type: incubation support; broad innovation/entrepreneurship support without an industry restriction,"{""Cross-sector Innovation & Entrepreneurship"": 1.0}","[""https://www.startupindia.gov.in/content/dam/invest-india/Templates/public/incubator_page_content/Handbook%20for%20Incubator%20Managers.pdf""]","[""https://www.startupindia.gov.in/content/dam/invest-india/Templates/public/incubator_page_content/Handbook%20for%20Incubator%20Managers.pdf::PDF_NOT_PARSED""]",False,LM_NOT_REQUESTED
b1_13f2c2ba7089a3e1ae19,Incubation%20For%20Social%20Startups.Pdf,"[""Cross-sector Innovation & Entrepreneurship""]",Cross-sector Innovation & Entrepreneurship,[],"[""Cross-sector Innovation & Entrepreneurship""]",0.75,CROSS_SECTOR_FALLBACK,False,scheme_type: incubation support; broad innovation/entrepreneurship support without an industry restriction,"{""Cross-sector Innovation & Entrepreneurship"": 1.0}","[""https://www.startupindia.gov.in/content/dam/invest-india/Templates/public/incubator_page_content/Incubation%20for%20social%20startups.pdf""]","[""https://www.startupindia.gov.in/content/dam/invest-india/Templates/public/incubator_page_content/Incubation%20for%20social%20startups.pdf::PDF_NOT_PARSED""]",False,LM_NOT_REQUESTED
b1_8cf69084dd306d82140c,Mixed Use%20Incubator%20Handbook%20By%20Infodev%20Pdf.Pdf,"[""Cross-sector Innovation & Entrepreneurship""]",Cross-sector Innovation & Entrepreneurship,[],"[""Cross-sector Innovation & Entrepreneurship""]",0.75,CROSS_SECTOR_FALLBACK,False,scheme_type: incubation support; broad innovation/entrepreneurship support without an industry restriction,"{""Cross-sector Innovation & Entrepreneurship"": 1.0}","[""https://www.startupindia.gov.in/content/dam/invest-india/Templates/public/incubator_page_content/Mixed-use%20Incubator%20Handbook%20by%20infoDev%20pdf.pdf""]","[""https://www.startupindia.gov.in/content/dam/invest-india/Templates/public/incubator_page_content/Mixed-use%20Incubator%20Handbook%20by%20infoDev%20pdf.pdf::PDF_NOT_PARSED""]",False,LM_NOT_REQUESTED
b1_cf919fd1b183819cf241,Role%20Of%20State%20In%20Creating%20Startup%20Ecosystem.Pdf,"[""Cross-sector Innovation & Entrepreneurship""]",Cross-sector Innovation & Entrepreneurship,[],"[""Cross-sector Innovation & Entrepreneurship""]",0.75,CROSS_SECTOR_FALLBACK,False,scheme_type: incubation support; broad innovation/entrepreneurship support without an industry restriction,"{""Cross-sector Innovation & Entrepreneurship"": 1.0}","[""https://www.startupindia.gov.in/content/dam/invest-india/Templates/public/incubator_page_content/Role%20of%20State%20in%20creating%20Startup%20Ecosystem.pdf""]","[""https://www.startupindia.gov.in/content/dam/invest-india/Templates/public/incubator_page_content/Role%20of%20State%20in%20creating%20Startup%20Ecosystem.pdf::PDF_NOT_PARSED""]",False,LM_NOT_REQUESTED
b1_21ec035db49abef98147,Startup%20Engagement%20Best%20Practices%20For%20%20Large%20Organizations.Pdf,"[""Cross-sector Innovation & Entrepreneurship""]",Cross-sector Innovation & Entrepreneurship,[],"[""Cross-sector Innovation & Entrepreneurship""]",0.75,CROSS_SECTOR_FALLBACK,False,scheme_type: incubation support; broad innovation/entrepreneurship support without an industry restriction,"{""Cross-sector Innovation & Entrepreneurship"": 1.0}","[""https://www.startupindia.gov.in/content/dam/invest-india/Templates/public/incubator_page_content/Startup%20Engagement%20Best%20Practices%20for%20%20Large%20Organizations.pdf""]","[""https://www.startupindia.gov.in/content/dam/invest-india/Templates/public/incubator_page_content/Startup%20Engagement%20Best%20Practices%20for%20%20Large%20Organizations.pdf::PDF_NOT_PARSED""]",False,LM_NOT_REQUESTED
b1_0f9270d0847037fbd869,The%20Infodev%20Global%20Network%20Of%20Business%20Incubators%20 %20Pdf.Pdf,"[""Cross-sector Innovation & Entrepreneurship""]",Cross-sector Innovation & Entrepreneurship,[],"[""Cross-sector Innovation & Entrepreneurship""]",0.75,CROSS_SECTOR_FALLBACK,False,scheme_type: incubation support; broad innovation/entrepreneurship support without an industry restriction,"{""Cross-sector Innovation & Entrepreneurship"": 1.0}","[""https://www.startupindia.gov.in/content/dam/invest-india/Templates/public/incubator_page_content/The%20infoDev%20Global%20Network%20of%20Business%20Incubators%20-%20pdf.pdf""]","[""https://www.startupindia.gov.in/content/dam/invest-india/Templates/public/incubator_page_content/The%20infoDev%20Global%20Network%20of%20Business%20Incubators%20-%20pdf.pdf::PDF_NOT_PARSED""]",False,LM_NOT_REQUESTED
b1_d852480510ba0784e1a3,About,"[""Sector Agnostic / Multi-sector""]",Cross-sector Innovation & Entrepreneurship,[],"[""Cross-sector Innovation & Entrepreneurship""]",0.937,DETERMINISTIC_EVIDENCE,False,"sector: sector agnostic, multi-sector","{""Cross-sector Innovation & Entrepreneurship"": 8.0, ""Digital Technology & Software"": 3.5, ""Electronics & Semiconductors"": 3.5}","[""https://www.myscheme.gov.in/about""]","[""https://www.myscheme.gov.in/about::HTTP_200""]",False,LM_NOT_REQUESTED
b1_5dd511a56aef2112d810,Accessibility Statement,"[""Sector Agnostic / Multi-sector""]",Cross-sector Innovation & Entrepreneurship,[],"[""Cross-sector Innovation & Entrepreneurship""]",0.937,DETERMINISTIC_EVIDENCE,False,"sector: sector agnostic, multi-sector","{""Cross-sector Innovation & Entrepreneurship"": 8.0, ""Electronics & Semiconductors"": 3.5, ""Digital Technology & Software"": 1.0}","[""https://www.myscheme.gov.in/accessibility-statement""]","[""https://www.myscheme.gov.in/accessibility-statement::HTTP_200""]",False,LM_NOT_REQUESTED
b1_11e7f6babf01c3322193,Contact,"[""Sector Agnostic / Multi-sector""]",Cross-sector Innovation & Entrepreneurship,[],"[""Cross-sector Innovation & Entrepreneurship""]",0.937,DETERMINISTIC_EVIDENCE,False,"sector: sector agnostic, multi-sector","{""Cross-sector Innovation & Entrepreneurship"": 8.0, ""Electronics & Semiconductors"": 3.5, ""Digital Technology & Software"": 1.0}","[""https://www.myscheme.gov.in/contact""]","[""https://www.myscheme.gov.in/contact::HTTP_200""]",False,LM_NOT_REQUESTED
b1_41b6883d6e45a124cef0,Dashboard,"[""Sector Agnostic / Multi-sector""]",Cross-sector Innovation & Entrepreneurship,[],"[""Cross-sector Innovation & Entrepreneurship""]",0.937,DETERMINISTIC_EVIDENCE,False,"sector: sector agnostic, multi-sector","{""Cross-sector Innovation & Entrepreneurship"": 8.0, ""Electronics & Semiconductors"": 3.5, ""Digital Technology & Software"": 1.0}","[""https://www.myscheme.gov.in/dashboard""]","[""https://www.myscheme.gov.in/dashboard::HTTP_200""]",False,LM_NOT_REQUESTED
b1_af32ad0ff653124f1bbf,Disclaimer,"[""Sector Agnostic / Multi-sector""]",Cross-sector Innovation & Entrepreneurship,[],"[""Cross-sector Innovation & Entrepreneurship""]",0.937,DETERMINISTIC_EVIDENCE,False,"sector: sector agnostic, multi-sector","{""Cross-sector Innovation & Entrepreneurship"": 8.0, ""Electronics & Semiconductors"": 3.5, ""Digital Technology & Software"": 1.0}","[""https://www.myscheme.gov.in/disclaimer""]","[""https://www.myscheme.gov.in/disclaimer::HTTP_200""]",False,LM_NOT_REQUESTED
b1_b336bc32c6e109627504,Screen Reader,"[""Sector Agnostic / Multi-sector""]",Cross-sector Innovation & Entrepreneurship,[],"[""Cross-sector Innovation & Entrepreneurship""]",0.937,DETERMINISTIC_EVIDENCE,False,"sector: sector agnostic, multi-sector","{""Cross-sector Innovation & Entrepreneurship"": 8.0, ""Digital Technology & Software"": 3.5, ""Electronics & Semiconductors"": 3.5}","[""https://www.myscheme.gov.in/screen-reader""]","[""https://www.myscheme.gov.in/screen-reader::HTTP_200""]",False,LM_NOT_REQUESTED
b1_dc5a5d1eaf20c4ef8b40,Terms Conditions,"[""Sector Agnostic / Multi-sector""]",Cross-sector Innovation & Entrepreneurship,[],"[""Cross-sector Innovation & Entrepreneurship""]",0.937,DETERMINISTIC_EVIDENCE,False,"sector: sector agnostic, multi-sector","{""Cross-sector Innovation & Entrepreneurship"": 8.0, ""Electronics & Semiconductors"": 3.5, ""Digital Technology & Software"": 1.0}","[""https://www.myscheme.gov.in/terms-conditions""]","[""https://www.myscheme.gov.in/terms-conditions::HTTP_200""]",False,LM_NOT_REQUESTED
b1_5284ddb8bed0e1c804eb,Sitemap 0.Xml,"[""Sector Agnostic / Multi-sector""]",Cross-sector Innovation & Entrepreneurship,[],"[""Cross-sector Innovation & Entrepreneurship""]",0.937,DETERMINISTIC_EVIDENCE,False,"sector: sector agnostic, multi-sector","{""Cross-sector Innovation & Entrepreneurship"": 8.0, ""Digital Technology & Software"": 1.0, ""Electronics & Semiconductors"": 1.0}","[""https://www.myscheme.gov.in/sitemap-0.xml""]","[""https://www.myscheme.gov.in/sitemap-0.xml::HTTP_200""]",False,LM_NOT_REQUESTED
b1_943badd8cef6657d1888,Guidlines.07.8.19.Pdf,"[""Sector Agnostic / Multi-sector""]",Cross-sector Innovation & Entrepreneurship,[],"[""Cross-sector Innovation & Entrepreneurship""]",0.937,DETERMINISTIC_EVIDENCE,False,"sector: sector agnostic, multi-sector","{""Cross-sector Innovation & Entrepreneurship"": 8.0}","[""http://www.dcmsme.gov.in/schemes/Guidlines.07.8.19.pdf""]","[""http://www.dcmsme.gov.in/schemes/Guidlines.07.8.19.pdf::FETCH_ERROR:ConnectTimeout""]",False,LM_NOT_REQUESTED
b1_69232c208f5bb32c3488,Lean Operational Guidlelines.Pdf,"[""Sector Agnostic / Multi-sector""]",Cross-sector Innovation & Entrepreneurship,[],"[""Cross-sector Innovation & Entrepreneurship""]",0.937,DETERMINISTIC_EVIDENCE,False,"sector: sector agnostic, multi-sector","{""Cross-sector Innovation & Entrepreneurship"": 8.0}","[""http://www.dcmsme.gov.in/schemes/clcs-tus/LEAN-Operational-Guidlelines.pdf""]","[""http://www.dcmsme.gov.in/schemes/clcs-tus/LEAN-Operational-Guidlelines.pdf::FETCH_ERROR:ConnectTimeout""]",False,LM_NOT_REQUESTED
b1_d0128807de2b4e6b6cd4,Existing Schemes.Aspx,"[""Agriculture & AgriTech"", ""Logistics & Supply Chain"", ""Textiles, Apparel & Handicrafts""]",Agriculture & AgriTech,"[""Textiles, Apparel & Handicrafts"", ""Logistics & Supply Chain""]","[""Agriculture & AgriTech"", ""Textiles, Apparel & Handicrafts"", ""Logistics & Supply Chain""]",0.97,EXISTING_SECTOR_CONFIRMED,False,"sector: agriculture, agritech; official_page_text: agriculture, farm, horticulture","{""Textiles, Apparel & Handicrafts"": 19.5, ""Agriculture & AgriTech"": 15.5, ""Logistics & Supply Chain"": 15.5, ""Cross-sector MSME & Startup Finance"": 7.5, ""Environment & Circular Economy"": 5.0, ""Robotics & Automation"": 5.0, ""Aerospace & Defence"": 2.5, ""Cross-sector Innovation & Entrepreneurship"": 2.5}","[""https://champions.gov.in/MyMsme/grievance/Existing_Schemes.aspx""]","[""https://champions.gov.in/MyMsme/grievance/Existing_Schemes.aspx::HTTP_200""]",False,LM_NOT_REQUESTED
b1_c68de1dfbe2d439f7fca,New Schemes.Aspx,"[""Agriculture & AgriTech""]",Agriculture & AgriTech,[],"[""Agriculture & AgriTech""]",0.97,EXISTING_SECTOR_CONFIRMED,False,"sector: agriculture, agritech; official_page_text: agriculture, farm, horticulture","{""Agriculture & AgriTech"": 15.5, ""Cross-sector MSME & Startup Finance"": 5.0, ""Manufacturing & Industry 4.0"": 2.5}","[""https://champions.gov.in/MyMsme/grievance/New_Schemes.aspx""]","[""https://champions.gov.in/MyMsme/grievance/New_Schemes.aspx::HTTP_200""]",False,LM_NOT_REQUESTED
b1_50944843fefe9713d44f,Schemes For Starters.Aspx,"[""Cross-sector MSME & Startup Finance""]",Cross-sector MSME & Startup Finance,[],"[""Cross-sector MSME & Startup Finance""]",0.707,CROSS_SECTOR_FALLBACK,False,official_page_text: credit guarantee; broad financial instrument without an industry restriction,"{""Cross-sector MSME & Startup Finance"": 2.5, ""Food Processing & FoodTech"": 2.5, ""Manufacturing & Industry 4.0"": 2.5}","[""https://champions.gov.in/MyMsme/grievance/Schemes_for_starters.aspx""]","[""https://champions.gov.in/MyMsme/grievance/Schemes_for_starters.aspx::HTTP_200""]",False,LM_NOT_REQUESTED
b1_90e24e7755c18e3ca035,View Challenge.Aspx,"[""Sector Agnostic / Multi-sector""]",Cross-sector Innovation & Entrepreneurship,[],"[""Cross-sector Innovation & Entrepreneurship""]",0.937,DETERMINISTIC_EVIDENCE,False,"sector: sector agnostic, multi-sector","{""Cross-sector Innovation & Entrepreneurship"": 8.0}","[""https://champions.gov.in/MyMsme/grievance/View_Challenge.aspx""]","[""https://champions.gov.in/MyMsme/grievance/View_Challenge.aspx::HTTP_200""]",False,LM_NOT_REQUESTED
b1_00566b846b725d74843b,Register Challenge.Aspx,"[""Sector Agnostic / Multi-sector""]",Cross-sector Innovation & Entrepreneurship,[],"[""Cross-sector Innovation & Entrepreneurship""]",0.937,DETERMINISTIC_EVIDENCE,False,"sector: sector agnostic, multi-sector","{""Cross-sector Innovation & Entrepreneurship"": 8.0}","[""https://champions.gov.in/MyMsme/grievance/Register_Challenge.aspx""]","[""https://champions.gov.in/MyMsme/grievance/Register_Challenge.aspx::HTTP_200""]",False,LM_NOT_REQUESTED
b1_fe9f861d90c8511c141b,Certificate In Lieu Para 26(6) Of The Epf Scheme.Pdf,"[""Sector Agnostic / Multi-sector""]",Cross-sector Innovation & Entrepreneurship,[],"[""Cross-sector Innovation & Entrepreneurship""]",0.937,DETERMINISTIC_EVIDENCE,False,"sector: sector agnostic, multi-sector","{""Cross-sector Innovation & Entrepreneurship"": 8.0, ""Sector Agnostic / Multi-sector"": 1.0}","[""https://www.nsic.co.in/documents/pdfs/EPF/Certificate_in_lieu_Para_26(6)_of_the_EPF_Scheme.pdf""]","[""https://www.nsic.co.in/documents/pdfs/EPF/Certificate_in_lieu_Para_26(6)_of_the_EPF_Scheme.pdf::PDF_NOT_PARSED""]",False,LM_NOT_REQUESTED
b1_d4428310bd2fdaa69c90,Taiwan Startup Supporting Programs 14022024.Pdf,"[""Sector Agnostic / Multi-sector""]",Cross-sector Innovation & Entrepreneurship,[],"[""Cross-sector Innovation & Entrepreneurship""]",0.937,DETERMINISTIC_EVIDENCE,False,"sector: sector agnostic, multi-sector","{""Cross-sector Innovation & Entrepreneurship"": 8.0, ""Sector Agnostic / Multi-sector"": 1.0}","[""https://nsic.co.in/documents/pdfs/IC/Taiwan_Startup_supporting_programs_14022024.pdf""]","[""https://nsic.co.in/documents/pdfs/IC/Taiwan_Startup_supporting_programs_14022024.pdf::PDF_NOT_PARSED""]",False,LM_NOT_REQUESTED
b1_db59689b15ec4ceaf2fd,Moratorium Scheme With Annexurea.Pdf,"[""Sector Agnostic / Multi-sector""]",Cross-sector Innovation & Entrepreneurship,[],"[""Cross-sector Innovation & Entrepreneurship""]",0.937,DETERMINISTIC_EVIDENCE,False,"sector: sector agnostic, multi-sector","{""Cross-sector Innovation & Entrepreneurship"": 8.0, ""Sector Agnostic / Multi-sector"": 1.0}","[""https://nsic.co.in/documents/pdfs/Moratorium_Scheme_with_AnnexureA.pdf""]","[""https://nsic.co.in/documents/pdfs/Moratorium_Scheme_with_AnnexureA.pdf::PDF_NOT_PARSED""]",False,LM_NOT_REQUESTED
b1_7350dc02e1d8de3ac249,Nsic Letter Related To Sri Fund 24.09.2020.Pdf,"[""Cross-sector MSME & Startup Finance""]",Cross-sector MSME & Startup Finance,[],"[""Cross-sector MSME & Startup Finance""]",0.75,CROSS_SECTOR_FALLBACK,False,broad financial instrument without an industry restriction,"{""Sector Agnostic / Multi-sector"": 1.0}","[""https://nsic.co.in/documents/pdfs/NSIC_letter_related_to_SRI_Fund_24.09.2020.pdf""]","[""https://nsic.co.in/documents/pdfs/NSIC_letter_related_to_SRI_Fund_24.09.2020.pdf::PDF_NOT_PARSED""]",False,LM_NOT_REQUESTED
b1_791ed1099af28b7d552e,Nabl Accreditation Certificate Scope 17062025.Pdf,"[""Cross-sector MSME & Startup Finance""]",Cross-sector MSME & Startup Finance,[],"[""Cross-sector MSME & Startup Finance""]",0.717,CROSS_SECTOR_FALLBACK,False,scheme_type: credit support; broad financial instrument without an industry restriction,"{""Cross-sector MSME & Startup Finance"": 1.0, ""Sector Agnostic / Multi-sector"": 1.0}","[""https://www.nsic.co.in/documents/pdfs/NTSC/NABL_Accreditation_Certificate _Scope_17062025.pdf""]","[""https://www.nsic.co.in/documents/pdfs/NTSC/NABL_Accreditation_Certificate _Scope_17062025.pdf::PDF_NOT_PARSED""]",False,LM_NOT_REQUESTED
b1_591b7f5ab42465a146be,Entrepreneurship Development Programme 04072024.Pdf,"[""Cross-sector Innovation & Entrepreneurship""]",Cross-sector Innovation & Entrepreneurship,[],"[""Cross-sector Innovation & Entrepreneurship""]",0.75,CROSS_SECTOR_FALLBACK,False,broad innovation/entrepreneurship support without an industry restriction,"{""Sector Agnostic / Multi-sector"": 1.0}","[""https://www.nsic.co.in/documents/pdfs/ntsc/Entrepreneurship_Development_Programme_04072024.pdf""]","[""https://www.nsic.co.in/documents/pdfs/ntsc/Entrepreneurship_Development_Programme_04072024.pdf::PDF_NOT_PARSED""]",False,LM_NOT_REQUESTED
b1_5c500549529729e45aba,Nsic Incubator Training Calendar 2005 26 260925.Pdf,"[""Cross-sector Innovation & Entrepreneurship""]",Cross-sector Innovation & Entrepreneurship,[],"[""Cross-sector Innovation & Entrepreneurship""]",0.717,CROSS_SECTOR_FALLBACK,False,scheme_type: incubation support; broad innovation/entrepreneurship support without an industry restriction,"{""Cross-sector Innovation & Entrepreneurship"": 1.0, ""Sector Agnostic / Multi-sector"": 1.0}","[""https://www.nsic.co.in/documents/pdfs/ntsc/NSIC_Incubator_Training_Calendar_2005_26_260925.pdf""]","[""https://www.nsic.co.in/documents/pdfs/ntsc/NSIC_Incubator_Training_Calendar_2005_26_260925.pdf::PDF_NOT_PARSED""]",False,LM_NOT_REQUESTED
b1_fe2dcb64a23e9d30aabf,Scheme Nsic Tic Under Ppp Mode 2023 06032023.Pdf,"[""Sector Agnostic / Multi-sector""]",Cross-sector Innovation & Entrepreneurship,[],"[""Cross-sector Innovation & Entrepreneurship""]",0.937,DETERMINISTIC_EVIDENCE,False,"sector: sector agnostic, multi-sector","{""Cross-sector Innovation & Entrepreneurship"": 8.0, ""Sector Agnostic / Multi-sector"": 1.0}","[""https://www.nsic.co.in/documents/pdfs/TICS-PPP/Scheme_NSIC_TIC_under_PPP_mode_2023_06032023.pdf""]","[""https://www.nsic.co.in/documents/pdfs/TICS-PPP/Scheme_NSIC_TIC_under_PPP_mode_2023_06032023.pdf::PDF_NOT_PARSED""]",False,LM_NOT_REQUESTED
b1_71614b34c85c7cb9f1e3,Ic Scheme Of Ministry Of Msme 19Aug2021.Pdf,"[""Cross-sector Innovation & Entrepreneurship""]",Cross-sector Innovation & Entrepreneurship,[],"[""Cross-sector Innovation & Entrepreneurship""]",0.75,CROSS_SECTOR_FALLBACK,False,broad innovation/entrepreneurship support without an industry restriction,"{""Sector Agnostic / Multi-sector"": 1.0}","[""https://www.nsic.co.in/documents/pdfs/IC/IC_Scheme_of_Ministry_of_MSME_19Aug2021.pdf""]","[""https://www.nsic.co.in/documents/pdfs/IC/IC_Scheme_of_Ministry_of_MSME_19Aug2021.pdf::PDF_NOT_PARSED""]",False,LM_NOT_REQUESTED
b1_3cb218ef1213aff8cf95,Machineequipmentscheme Latest.Pdf,"[""Sector Agnostic / Multi-sector""]",Cross-sector Innovation & Entrepreneurship,[],"[""Cross-sector Innovation & Entrepreneurship""]",0.937,DETERMINISTIC_EVIDENCE,False,"sector: sector agnostic, multi-sector","{""Cross-sector Innovation & Entrepreneurship"": 8.0, ""Sector Agnostic / Multi-sector"": 1.0}","[""https://www.nsic.co.in/documents/pdfs/MachineEquipmentScheme_Latest.pdf""]","[""https://www.nsic.co.in/documents/pdfs/MachineEquipmentScheme_Latest.pdf::PDF_NOT_PARSED""]",False,LM_NOT_REQUESTED
b1_038ea6d0def3b2532f6c,Annexure1.Pdf,"[""Sector Agnostic / Multi-sector""]",Cross-sector Innovation & Entrepreneurship,[],"[""Cross-sector Innovation & Entrepreneurship""]",0.937,DETERMINISTIC_EVIDENCE,False,"sector: sector agnostic, multi-sector","{""Cross-sector Innovation & Entrepreneurship"": 8.0, ""Sector Agnostic / Multi-sector"": 1.0}","[""https://www.nsic.co.in/documents/Schemes/Annexure1.pdf""]","[""https://www.nsic.co.in/documents/Schemes/Annexure1.pdf::PDF_NOT_PARSED""]",False,LM_NOT_REQUESTED
b1_ad10f80ff8c36d80f976,Annexure2.Pdf,"[""Sector Agnostic / Multi-sector""]",Cross-sector Innovation & Entrepreneurship,[],"[""Cross-sector Innovation & Entrepreneurship""]",0.937,DETERMINISTIC_EVIDENCE,False,"sector: sector agnostic, multi-sector","{""Cross-sector Innovation & Entrepreneurship"": 8.0, ""Sector Agnostic / Multi-sector"": 1.0}","[""https://www.nsic.co.in/documents/Schemes/Annexure2.pdf""]","[""https://www.nsic.co.in/documents/Schemes/Annexure2.pdf::PDF_NOT_PARSED""]",False,LM_NOT_REQUESTED
b1_57ef46c0e0c6216d785e,Msmesaarthidetails.Pdf,"[""Cross-sector Innovation & Entrepreneurship""]",Cross-sector Innovation & Entrepreneurship,[],"[""Cross-sector Innovation & Entrepreneurship""]",0.75,CROSS_SECTOR_FALLBACK,False,broad innovation/entrepreneurship support without an industry restriction,"{""Sector Agnostic / Multi-sector"": 1.0}","[""https://www.nsic.co.in/documents/Schemes/MSMESAARTHIDetails.pdf""]","[""https://www.nsic.co.in/documents/Schemes/MSMESAARTHIDetails.pdf::PDF_NOT_PARSED""]",False,LM_NOT_REQUESTED
b1_5f85b57acecaa8c16534,Mfs Scheme 08012025.Pdf,"[""Sector Agnostic / Multi-sector""]",Cross-sector Innovation & Entrepreneurship,[],"[""Cross-sector Innovation & Entrepreneurship""]",0.937,DETERMINISTIC_EVIDENCE,False,"sector: sector agnostic, multi-sector","{""Cross-sector Innovation & Entrepreneurship"": 8.0, ""Sector Agnostic / Multi-sector"": 1.0}","[""https://www.nsic.co.in/documents/pdfs/mfs/MFS-SCHEME-08012025.pdf""]","[""https://www.nsic.co.in/documents/pdfs/mfs/MFS-SCHEME-08012025.pdf::PDF_NOT_PARSED""]",False,LM_NOT_REQUESTED
b1_4ed1f6156ad3a72f5252,Itincubatorform.Pdf,"[""Cross-sector Innovation & Entrepreneurship""]",Cross-sector Innovation & Entrepreneurship,[],"[""Cross-sector Innovation & Entrepreneurship""]",0.717,CROSS_SECTOR_FALLBACK,False,scheme_type: incubation support; broad innovation/entrepreneurship support without an industry restriction,"{""Cross-sector Innovation & Entrepreneurship"": 1.0, ""Sector Agnostic / Multi-sector"": 1.0}","[""https://www.nsic.co.in/documents/pdfs/ITincubatorform.pdf""]","[""https://www.nsic.co.in/documents/pdfs/ITincubatorform.pdf::PDF_NOT_PARSED""]",False,LM_NOT_REQUESTED
b1_1cfc6c4be071558146fe,Funding.Html,"[""Cross-sector MSME & Startup Finance""]",Cross-sector MSME & Startup Finance,[],"[""Cross-sector MSME & Startup Finance""]",0.923,EXISTING_SECTOR_CONFIRMED,False,"official_page_text: credit guarantee, fund of funds, seed fund","{""Cross-sector MSME & Startup Finance"": 7.5, ""Cross-sector Innovation & Entrepreneurship"": 5.0}","[""https://www.startupindia.gov.in/content/sih/en/funding.html""]","[""https://www.startupindia.gov.in/content/sih/en/funding.html::HTTP_200""]",False,LM_NOT_REQUESTED
b1_a7625d0e584294471e4e,Credit Guarantee Scheme For Startup.Pdf,"[""Cross-sector MSME & Startup Finance""]",Cross-sector MSME & Startup Finance,[],"[""Cross-sector MSME & Startup Finance""]",0.91,EXISTING_SECTOR_CONFIRMED,False,scheme_name: credit guarantee; scheme_type: credit guarantee,"{""Cross-sector MSME & Startup Finance"": 6.0}","[""https://www.startupindia.gov.in/content/dam/invest-india/PGF/credit-guarantee-scheme-for-startup.pdf""]","[""https://www.startupindia.gov.in/content/dam/invest-india/PGF/credit-guarantee-scheme-for-startup.pdf::PDF_NOT_PARSED""]",False,LM_NOT_REQUESTED
b1_f63fd47a7794ded0ed55,Innovation Challenge.Html,"[""Cross-sector MSME & Startup Finance"", ""Healthcare & MedTech"", ""Water & Sanitation""]",Healthcare & MedTech,"[""Water & Sanitation""]","[""Healthcare & MedTech"", ""Water & Sanitation""]",0.95,SECTOR_CONFLICT_REVIEW,True,"sector: healthcare, medtech; official_page_text: healthcare, diagnostic, digital health; original sector conflicted: Cross-sector MSME & Startup Finance","{""Healthcare & MedTech"": 15.5, ""Water & Sanitation"": 11.5, ""Cross-sector MSME & Startup Finance"": 7.5, ""Agriculture & AgriTech"": 5.0, ""Cross-sector Innovation & Entrepreneurship"": 5.0, ""Education & EdTech"": 4.0, ""Environment & Circular Economy"": 2.5, ""Retail, Commerce & Consumer Technology"": 2.5}","[""https://www.startupindia.gov.in/content/sih/en/international/innovation-challenge.html""]","[""https://www.startupindia.gov.in/content/sih/en/international/innovation-challenge.html::HTTP_200""]",False,LM_NOT_REQUESTED
b1_6d500af766c0d054d578,2018 Nasscom Startup%20Ecosystem Indian%20Start%20Up%20Ecosystem%202018%20Report.Pdf,"[""Sector Agnostic / Multi-sector""]",Cross-sector Innovation & Entrepreneurship,[],"[""Cross-sector Innovation & Entrepreneurship""]",0.937,DETERMINISTIC_EVIDENCE,False,"sector: sector agnostic, multi-sector","{""Cross-sector Innovation & Entrepreneurship"": 8.0}","[""https://www.startupindia.gov.in/content/dam/invest-india/Templates/startupindiaPDF/market_research_reports/2018-NASSCOM-Startup%20Ecosystem-Indian%20Start%20Up%20Ecosystem%202018%20Report.pdf""]","[""https://www.startupindia.gov.in/content/dam/invest-india/Templates/startupindiaPDF/market_research_reports/2018-NASSCOM-Startup%20Ecosystem-Indian%20Start%20Up%20Ecosystem%202018%20Report.pdf::FETCH_ERROR:HTTPError""]",False,LM_NOT_REQUESTED
b1_07a0e56d5f439745381b,2018 Nasscom Startup%20Ecosystem Product%20Opportunities%20Driving%20Usd%2010%20Trillion%20Economy.Pdf,"[""Sector Agnostic / Multi-sector""]",Cross-sector Innovation & Entrepreneurship,[],"[""Cross-sector Innovation & Entrepreneurship""]",0.937,DETERMINISTIC_EVIDENCE,False,"sector: sector agnostic, multi-sector","{""Cross-sector Innovation & Entrepreneurship"": 8.0}","[""https://www.startupindia.gov.in/content/dam/invest-india/Templates/startupindiaPDF/market_research_reports/2018-NASSCOM-Startup%20Ecosystem-Product%20Opportunities%20Driving%20USD%2010%20Trillion%20Economy.pdf""]","[""https://www.startupindia.gov.in/content/dam/invest-india/Templates/startupindiaPDF/market_research_reports/2018-NASSCOM-Startup%20Ecosystem-Product%20Opportunities%20Driving%20USD%2010%20Trillion%20Economy.pdf::FETCH_ERROR:HTTPError""]",False,LM_NOT_REQUESTED
b1_98ad2d84b2c9de2ba458,2018 Pwc Ai Advance%20Artificial%20Intelligence%20For%20Growth.Pdf,"[""Artificial Intelligence & Data""]",Artificial Intelligence & Data,[],"[""Artificial Intelligence & Data""]",0.97,EXISTING_SECTOR_CONFIRMED,False,scheme_name:  ai ; sector: artificial intelligence; field_evidence:  ai ,"{""Artificial Intelligence & Data"": 10.0}","[""https://www.startupindia.gov.in/content/dam/invest-india/Templates/startupindiaPDF/market_research_reports/2018-PwC-AI-Advance%20Artificial%20Intelligence%20for%20Growth.pdf""]","[""https://www.startupindia.gov.in/content/dam/invest-india/Templates/startupindiaPDF/market_research_reports/2018-PwC-AI-Advance%20Artificial%20Intelligence%20for%20Growth.pdf::FETCH_ERROR:HTTPError""]",False,LM_NOT_REQUESTED
b1_df7160df7daf98c14ac4,2018 Pwc Ai Artificial%20Intelligence%20In%20India%20Hype%20Or%20Reality.Pdf,"[""Artificial Intelligence & Data""]",Artificial Intelligence & Data,[],"[""Artificial Intelligence & Data""]",0.97,EXISTING_SECTOR_CONFIRMED,False,scheme_name:  ai ; sector: artificial intelligence; field_evidence:  ai ,"{""Artificial Intelligence & Data"": 10.0}","[""https://www.startupindia.gov.in/content/dam/invest-india/Templates/startupindiaPDF/market_research_reports/2018-PwC-AI-Artificial%20Intelligence%20In%20India%20Hype%20Or%20Reality.pdf""]","[""https://www.startupindia.gov.in/content/dam/invest-india/Templates/startupindiaPDF/market_research_reports/2018-PwC-AI-Artificial%20Intelligence%20In%20India%20Hype%20Or%20Reality.pdf::FETCH_ERROR:HTTPError""]",False,LM_NOT_REQUESTED
b1_6e0475f95ce1b758730c,2018 Pwc Ai Autonomous%20Intelligence%20In%20Customer%20Experience.Pdf,"[""Artificial Intelligence & Data""]",Artificial Intelligence & Data,[],"[""Artificial Intelligence & Data""]",0.97,EXISTING_SECTOR_CONFIRMED,False,scheme_name:  ai ; sector: artificial intelligence; field_evidence:  ai ,"{""Artificial Intelligence & Data"": 10.0}","[""https://www.startupindia.gov.in/content/dam/invest-india/Templates/startupindiaPDF/market_research_reports/2018-PwC-AI-Autonomous%20Intelligence%20In%20Customer%20Experience.pdf""]","[""https://www.startupindia.gov.in/content/dam/invest-india/Templates/startupindiaPDF/market_research_reports/2018-PwC-AI-Autonomous%20Intelligence%20In%20Customer%20Experience.pdf::FETCH_ERROR:HTTPError""]",False,LM_NOT_REQUESTED
b1_9f34483f5b2f6ad2ce04,2018 Pwc Blockchain Automating%20Trust%20In%20Citizen%20Services.Pdf,"[""Sector Agnostic / Multi-sector""]",Cross-sector Innovation & Entrepreneurship,[],"[""Cross-sector Innovation & Entrepreneurship""]",0.937,DETERMINISTIC_EVIDENCE,False,"sector: sector agnostic, multi-sector","{""Cross-sector Innovation & Entrepreneurship"": 8.0}","[""https://www.startupindia.gov.in/content/dam/invest-india/Templates/startupindiaPDF/market_research_reports/2018-PwC-Blockchain-Automating%20Trust%20In%20Citizen%20Services.pdf""]","[""https://www.startupindia.gov.in/content/dam/invest-india/Templates/startupindiaPDF/market_research_reports/2018-PwC-Blockchain-Automating%20Trust%20In%20Citizen%20Services.pdf::FETCH_ERROR:HTTPError""]",False,LM_NOT_REQUESTED
b1_239162d88eb3d7ec27d1,2018 Pwc Blockchain The%20Next%20Innovation%20To%20Make%20Our%20Cities%20Smarter.Pdf,"[""Sector Agnostic / Multi-sector""]",Cross-sector Innovation & Entrepreneurship,[],"[""Cross-sector Innovation & Entrepreneurship""]",0.937,DETERMINISTIC_EVIDENCE,False,"sector: sector agnostic, multi-sector","{""Cross-sector Innovation & Entrepreneurship"": 8.0}","[""https://www.startupindia.gov.in/content/dam/invest-india/Templates/startupindiaPDF/market_research_reports/2018-PwC-Blockchain-The%20Next%20Innovation%20To%20Make%20Our%20Cities%20Smarter.pdf""]","[""https://www.startupindia.gov.in/content/dam/invest-india/Templates/startupindiaPDF/market_research_reports/2018-PwC-Blockchain-The%20Next%20Innovation%20To%20Make%20Our%20Cities%20Smarter.pdf::FETCH_ERROR:HTTPError""]",False,LM_NOT_REQUESTED
b1_056f9fed96d483aa66ab,2018 Pwc Data %20At%20A%20Privacy%20Crossroads.Pdf,"[""Sector Agnostic / Multi-sector""]",Cross-sector Innovation & Entrepreneurship,[],"[""Cross-sector Innovation & Entrepreneurship""]",0.937,DETERMINISTIC_EVIDENCE,False,"sector: sector agnostic, multi-sector","{""Cross-sector Innovation & Entrepreneurship"": 8.0}","[""https://www.startupindia.gov.in/content/dam/invest-india/Templates/startupindiaPDF/market_research_reports/2018-PwC-Data-%20At%20A%20Privacy%20Crossroads.pdf""]","[""https://www.startupindia.gov.in/content/dam/invest-india/Templates/startupindiaPDF/market_research_reports/2018-PwC-Data-%20At%20A%20Privacy%20Crossroads.pdf::FETCH_ERROR:HTTPError""]",False,LM_NOT_REQUESTED
b1_2a45e55f36f66086b899,2018 Pwc Data Creating%20Cyber%20Secure%20Smart%20Cities.Pdf,"[""Sector Agnostic / Multi-sector""]",Cross-sector Innovation & Entrepreneurship,[],"[""Cross-sector Innovation & Entrepreneurship""]",0.937,DETERMINISTIC_EVIDENCE,False,"sector: sector agnostic, multi-sector","{""Cross-sector Innovation & Entrepreneurship"": 8.0}","[""https://www.startupindia.gov.in/content/dam/invest-india/Templates/startupindiaPDF/market_research_reports/2018-PwC-Data-Creating%20Cyber%20Secure%20Smart%20Cities.pdf""]","[""https://www.startupindia.gov.in/content/dam/invest-india/Templates/startupindiaPDF/market_research_reports/2018-PwC-Data-Creating%20Cyber%20Secure%20Smart%20Cities.pdf::FETCH_ERROR:HTTPError""]",False,LM_NOT_REQUESTED
b1_f2ed8d510f544f78390a,2018 Pwc Data Overview%20Of%20The%20Changing%20Data%20Privacy%20Landscape%20In%20India.Pdf,"[""Sector Agnostic / Multi-sector""]",Cross-sector Innovation & Entrepreneurship,[],"[""Cross-sector Innovation & Entrepreneurship""]",0.937,DETERMINISTIC_EVIDENCE,False,"sector: sector agnostic, multi-sector","{""Cross-sector Innovation & Entrepreneurship"": 8.0}","[""https://www.startupindia.gov.in/content/dam/invest-india/Templates/startupindiaPDF/market_research_reports/2018-PwC-Data-Overview%20Of%20The%20Changing%20Data%20Privacy%20Landscape%20In%20India.pdf""]","[""https://www.startupindia.gov.in/content/dam/invest-india/Templates/startupindiaPDF/market_research_reports/2018-PwC-Data-Overview%20Of%20The%20Changing%20Data%20Privacy%20Landscape%20In%20India.pdf::FETCH_ERROR:HTTPError""]",False,LM_NOT_REQUESTED
b1_e60fbd09d9366019850a,2018 Pwc Finance Asset%20Reconstruction%20Companies%20In%20India.Pdf,"[""Sector Agnostic / Multi-sector""]",Cross-sector Innovation & Entrepreneurship,[],"[""Cross-sector Innovation & Entrepreneurship""]",0.937,DETERMINISTIC_EVIDENCE,False,"sector: sector agnostic, multi-sector","{""Cross-sector Innovation & Entrepreneurship"": 8.0}","[""https://www.startupindia.gov.in/content/dam/invest-india/Templates/startupindiaPDF/market_research_reports/2018-PwC-Finance-Asset%20Reconstruction%20Companies%20In%20India.pdf""]","[""https://www.startupindia.gov.in/content/dam/invest-india/Templates/startupindiaPDF/market_research_reports/2018-PwC-Finance-Asset%20Reconstruction%20Companies%20In%20India.pdf::FETCH_ERROR:HTTPError""]",False,LM_NOT_REQUESTED
b1_0e09615a323c2711b8c9,2018 Pwc Finance Atm%20Industry%20Changing%20Landscape%20And%20Emerging%20Trends.Pdf,"[""Sector Agnostic / Multi-sector""]",Cross-sector Innovation & Entrepreneurship,[],"[""Cross-sector Innovation & Entrepreneurship""]",0.937,DETERMINISTIC_EVIDENCE,False,"sector: sector agnostic, multi-sector","{""Cross-sector Innovation & Entrepreneurship"": 8.0}","[""https://www.startupindia.gov.in/content/dam/invest-india/Templates/startupindiaPDF/market_research_reports/2018-PwC-Finance-Atm%20Industry%20Changing%20Landscape%20And%20Emerging%20Trends.pdf""]","[""https://www.startupindia.gov.in/content/dam/invest-india/Templates/startupindiaPDF/market_research_reports/2018-PwC-Finance-Atm%20Industry%20Changing%20Landscape%20And%20Emerging%20Trends.pdf::FETCH_ERROR:HTTPError""]",False,LM_NOT_REQUESTED
b1_1a39675b9225924c9bbe,2018 Pwc Finance Building%20The%20Nbfc%20Of%20The%20Future.Pdf,"[""Sector Agnostic / Multi-sector""]",Cross-sector Innovation & Entrepreneurship,[],"[""Cross-sector Innovation & Entrepreneurship""]",0.937,DETERMINISTIC_EVIDENCE,False,"sector: sector agnostic, multi-sector","{""Cross-sector Innovation & Entrepreneurship"": 8.0}","[""https://www.startupindia.gov.in/content/dam/invest-india/Templates/startupindiaPDF/market_research_reports/2018-PwC-Finance-Building%20The%20NBFC%20Of%20The%20Future.pdf""]","[""https://www.startupindia.gov.in/content/dam/invest-india/Templates/startupindiaPDF/market_research_reports/2018-PwC-Finance-Building%20The%20NBFC%20Of%20The%20Future.pdf::FETCH_ERROR:HTTPError""]",False,LM_NOT_REQUESTED
b1_77f059965c70cd6f80d8,2018 Pwc Finance Corporate%20Treasury%20Vol 1.Pdf,"[""Sector Agnostic / Multi-sector""]",Cross-sector Innovation & Entrepreneurship,[],"[""Cross-sector Innovation & Entrepreneurship""]",0.937,DETERMINISTIC_EVIDENCE,False,"sector: sector agnostic, multi-sector","{""Cross-sector Innovation & Entrepreneurship"": 8.0}","[""https://www.startupindia.gov.in/content/dam/invest-india/Templates/startupindiaPDF/market_research_reports/2018-PwC-Finance-Corporate%20Treasury%20Vol-1.pdf""]","[""https://www.startupindia.gov.in/content/dam/invest-india/Templates/startupindiaPDF/market_research_reports/2018-PwC-Finance-Corporate%20Treasury%20Vol-1.pdf::FETCH_ERROR:HTTPError""]",False,LM_NOT_REQUESTED
b1_f37c875470ecaf68bdff,2018 Pwc Finance Corporate%20Treasury%20Vol 2.Pdf,"[""Sector Agnostic / Multi-sector""]",Cross-sector Innovation & Entrepreneurship,[],"[""Cross-sector Innovation & Entrepreneurship""]",0.937,DETERMINISTIC_EVIDENCE,False,"sector: sector agnostic, multi-sector","{""Cross-sector Innovation & Entrepreneurship"": 8.0}","[""https://www.startupindia.gov.in/content/dam/invest-india/Templates/startupindiaPDF/market_research_reports/2018-PwC-Finance-Corporate%20Treasury%20Vol-2.pdf""]","[""https://www.startupindia.gov.in/content/dam/invest-india/Templates/startupindiaPDF/market_research_reports/2018-PwC-Finance-Corporate%20Treasury%20Vol-2.pdf::FETCH_ERROR:HTTPError""]",False,LM_NOT_REQUESTED
b1_5683f721dc381393e754,2018 Pwc Finance Currency%20Chests%20A%20Lifeline%20To%20The%20Indian%20Economy.Pdf,"[""Sector Agnostic / Multi-sector""]",Cross-sector Innovation & Entrepreneurship,[],"[""Cross-sector Innovation & Entrepreneurship""]",0.937,DETERMINISTIC_EVIDENCE,False,"sector: sector agnostic, multi-sector","{""Cross-sector Innovation & Entrepreneurship"": 8.0}","[""https://www.startupindia.gov.in/content/dam/invest-india/Templates/startupindiaPDF/market_research_reports/2018-PwC-Finance-Currency%20Chests%20A%20Lifeline%20To%20The%20Indian%20Economy.pdf""]","[""https://www.startupindia.gov.in/content/dam/invest-india/Templates/startupindiaPDF/market_research_reports/2018-PwC-Finance-Currency%20Chests%20A%20Lifeline%20To%20The%20Indian%20Economy.pdf::FETCH_ERROR:HTTPError""]",False,LM_NOT_REQUESTED
b1_645b7f9ea37cd940ee24,2018 Pwc Finance Demystifying%20Credit%20Assessment%20In%20Banks.Pdf,"[""Cross-sector MSME & Startup Finance""]",Cross-sector MSME & Startup Finance,[],"[""Cross-sector MSME & Startup Finance""]",0.75,CROSS_SECTOR_FALLBACK,False,scheme_type: credit support; broad financial instrument without an industry restriction,"{""Cross-sector MSME & Startup Finance"": 1.0}","[""https://www.startupindia.gov.in/content/dam/invest-india/Templates/startupindiaPDF/market_research_reports/2018-PwC-Finance-Demystifying%20Credit%20Assessment%20In%20Banks.pdf""]","[""https://www.startupindia.gov.in/content/dam/invest-india/Templates/startupindiaPDF/market_research_reports/2018-PwC-Finance-Demystifying%20Credit%20Assessment%20In%20Banks.pdf::FETCH_ERROR:HTTPError""]",False,LM_NOT_REQUESTED
b1_f12d18c65ba0fbfc8494,2018 Pwc Healthcare Ayurveda%20On%20The%20Cusp%20Of%20Change.Pdf,"[""Healthcare & MedTech""]",Healthcare & MedTech,[],"[""Healthcare & MedTech""]",0.97,EXISTING_SECTOR_CONFIRMED,False,"scheme_name: healthcare; sector: healthcare, medtech; field_evidence: healthcare","{""Healthcare & MedTech"": 14.0, ""Education & EdTech"": 4.0}","[""https://www.startupindia.gov.in/content/dam/invest-india/Templates/startupindiaPDF/market_research_reports/2018-PwC-Healthcare-Ayurveda%20On%20The%20Cusp%20Of%20Change.pdf""]","[""https://www.startupindia.gov.in/content/dam/invest-india/Templates/startupindiaPDF/market_research_reports/2018-PwC-Healthcare-Ayurveda%20On%20The%20Cusp%20Of%20Change.pdf::FETCH_ERROR:HTTPError""]",False,LM_NOT_REQUESTED
b1_39d2bb54bb126214f105,2018 Pwc Healthcare Ayushman%20Bharat%20National%20Health%20Protection%20Mission.Pdf,"[""Healthcare & MedTech""]",Healthcare & MedTech,[],"[""Healthcare & MedTech""]",0.97,EXISTING_SECTOR_CONFIRMED,False,"scheme_name: healthcare; sector: healthcare, medtech; field_evidence: healthcare","{""Healthcare & MedTech"": 14.0, ""Education & EdTech"": 4.0}","[""https://www.startupindia.gov.in/content/dam/invest-india/Templates/startupindiaPDF/market_research_reports/2018-PwC-Healthcare-Ayushman%20Bharat%20National%20Health%20Protection%20Mission.pdf""]","[""https://www.startupindia.gov.in/content/dam/invest-india/Templates/startupindiaPDF/market_research_reports/2018-PwC-Healthcare-Ayushman%20Bharat%20National%20Health%20Protection%20Mission.pdf::FETCH_ERROR:HTTPError""]",False,LM_NOT_REQUESTED
b1_7c2adf8af5baf1265ef3,2018 Pwc Pe%20&%20Vc Pe%20Deals%20In%20India.Pdf,"[""Sector Agnostic / Multi-sector""]",Cross-sector Innovation & Entrepreneurship,[],"[""Cross-sector Innovation & Entrepreneurship""]",0.937,DETERMINISTIC_EVIDENCE,False,"sector: sector agnostic, multi-sector","{""Cross-sector Innovation & Entrepreneurship"": 8.0}","[""https://www.startupindia.gov.in/content/dam/invest-india/Templates/startupindiaPDF/market_research_reports/2018-PwC-PE%20&%20VC-PE%20Deals%20In%20India.pdf""]","[""https://www.startupindia.gov.in/content/dam/invest-india/Templates/startupindiaPDF/market_research_reports/2018-PwC-PE%20&%20VC-PE%20Deals%20In%20India.pdf::FETCH_ERROR:HTTPError""]",False,LM_NOT_REQUESTED
b1_2dfe4a1f091391c3a95b,2018 Pwc Regulation%20&%20Taxation A%20New%20Dimension%20To%20Three%20Lines%20Of%20Defence.Pdf,"[""Aerospace & Defence""]",Aerospace & Defence,[],"[""Aerospace & Defence""]",0.97,EXISTING_SECTOR_CONFIRMED,False,"scheme_name: defence; sector: aerospace, defence; field_evidence: defence","{""Aerospace & Defence"": 14.0}","[""https://www.startupindia.gov.in/content/dam/invest-india/Templates/startupindiaPDF/market_research_reports/2018-PwC-Regulation%20&%20Taxation-A%20New%20Dimension%20To%20Three%20Lines%20of%20Defence.pdf""]","[""https://www.startupindia.gov.in/content/dam/invest-india/Templates/startupindiaPDF/market_research_reports/2018-PwC-Regulation%20&%20Taxation-A%20New%20Dimension%20To%20Three%20Lines%20of%20Defence.pdf::FETCH_ERROR:HTTPError""]",False,LM_NOT_REQUESTED
b1_4c16993273ac692ed4d1,2018 Pwc Regulation%20&%20Taxation Deriving%20An%20Upper%20Edge%20Through%20Risk%20And%20Finance%20Alignment.Pdf,"[""Sector Agnostic / Multi-sector""]",Cross-sector Innovation & Entrepreneurship,[],"[""Cross-sector Innovation & Entrepreneurship""]",0.937,DETERMINISTIC_EVIDENCE,False,"sector: sector agnostic, multi-sector","{""Cross-sector Innovation & Entrepreneurship"": 8.0}","[""https://www.startupindia.gov.in/content/dam/invest-india/Templates/startupindiaPDF/market_research_reports/2018-PwC-Regulation%20&%20Taxation-Deriving%20An%20Upper%20Edge%20Through%20Risk%20And%20Finance%20Alignment.pdf""]","[""https://www.startupindia.gov.in/content/dam/invest-india/Templates/startupindiaPDF/market_research_reports/2018-PwC-Regulation%20&%20Taxation-Deriving%20An%20Upper%20Edge%20Through%20Risk%20And%20Finance%20Alignment.pdf::FETCH_ERROR:HTTPError""]",False,LM_NOT_REQUESTED
b1_15d108bf123ebe17fa17,India%20Fintech%20Report%202020%20(1).Pdf,"[""Financial Services & FinTech""]",Financial Services & FinTech,[],"[""Financial Services & FinTech""]",0.97,EXISTING_SECTOR_CONFIRMED,False,scheme_name: fintech; sector: fintech; field_evidence: fintech,"{""Financial Services & FinTech"": 10.0}","[""https://www.startupindia.gov.in/content/dam/invest-india/Templates/startupindiaPDF/market_research_reports/India%20FinTech%20Report%202020%20(1).pdf""]","[""https://www.startupindia.gov.in/content/dam/invest-india/Templates/startupindiaPDF/market_research_reports/India%20FinTech%20Report%202020%20(1).pdf::FETCH_ERROR:HTTPError""]",False,LM_NOT_REQUESTED
b1_ded28e691870083b035c,Nasscom%20Zinnov%20India%20Startup%20Landscape%20Report%202019.Pdf,"[""Sector Agnostic / Multi-sector""]",Cross-sector Innovation & Entrepreneurship,[],"[""Cross-sector Innovation & Entrepreneurship""]",0.937,DETERMINISTIC_EVIDENCE,False,"sector: sector agnostic, multi-sector","{""Cross-sector Innovation & Entrepreneurship"": 8.0}","[""https://www.startupindia.gov.in/content/dam/invest-india/Templates/startupindiaPDF/market_research_reports/NASSCOM%20Zinnov%20India%20Startup%20Landscape%20Report%202019.pdf""]","[""https://www.startupindia.gov.in/content/dam/invest-india/Templates/startupindiaPDF/market_research_reports/NASSCOM%20Zinnov%20India%20Startup%20Landscape%20Report%202019.pdf::FETCH_ERROR:HTTPError""]",False,LM_NOT_REQUESTED
b1_46d7f31efb64ec4d3705,Nationalstrategy For Ai Discussion Paper Nitiayogpaper.Pdf,"[""Artificial Intelligence & Data""]",Artificial Intelligence & Data,[],"[""Artificial Intelligence & Data""]",0.97,EXISTING_SECTOR_CONFIRMED,False,scheme_name:  ai ; sector: artificial intelligence; field_evidence:  ai ,"{""Artificial Intelligence & Data"": 10.0}","[""https://www.startupindia.gov.in/content/dam/invest-india/Templates/startupindiaPDF/market_research_reports/NationalStrategy-for-AI-Discussion-Paper_NitiAyogPaper.pdf""]","[""https://www.startupindia.gov.in/content/dam/invest-india/Templates/startupindiaPDF/market_research_reports/NationalStrategy-for-AI-Discussion-Paper_NitiAyogPaper.pdf::FETCH_ERROR:HTTPError""]",False,LM_NOT_REQUESTED
b1_f4969a21b4befb9f9a17,Ssrn Id3474809.Pdf,"[""Sector Agnostic / Multi-sector""]",Cross-sector Innovation & Entrepreneurship,[],"[""Cross-sector Innovation & Entrepreneurship""]",0.937,DETERMINISTIC_EVIDENCE,False,"sector: sector agnostic, multi-sector","{""Cross-sector Innovation & Entrepreneurship"": 8.0}","[""https://www.startupindia.gov.in/content/dam/invest-india/Templates/startupindiaPDF/market_research_reports/SSRN-id3474809.pdf""]","[""https://www.startupindia.gov.in/content/dam/invest-india/Templates/startupindiaPDF/market_research_reports/SSRN-id3474809.pdf::FETCH_ERROR:HTTPError""]",False,LM_NOT_REQUESTED
b1_1524c2c75fff69550fb4,The Next Wave Unicorns Of Today Giants Of Tomorrow 2019.Pdf,"[""Sector Agnostic / Multi-sector""]",Cross-sector Innovation & Entrepreneurship,[],"[""Cross-sector Innovation & Entrepreneurship""]",0.937,DETERMINISTIC_EVIDENCE,False,"sector: sector agnostic, multi-sector","{""Cross-sector Innovation & Entrepreneurship"": 8.0}","[""https://www.startupindia.gov.in/content/dam/invest-india/Templates/startupindiaPDF/market_research_reports/THE-NEXT-WAVE-Unicorns-of-today-Giants-of-tomorrow_2019.pdf""]","[""https://www.startupindia.gov.in/content/dam/invest-india/Templates/startupindiaPDF/market_research_reports/THE-NEXT-WAVE-Unicorns-of-today-Giants-of-tomorrow_2019.pdf::FETCH_ERROR:HTTPError""]",False,LM_NOT_REQUESTED
b1_30f17452c76e4d06baad,The Deals Dynamics A Pe Vc Impact Report Bdo India.Pdf,"[""Sector Agnostic / Multi-sector""]",Cross-sector Innovation & Entrepreneurship,[],"[""Cross-sector Innovation & Entrepreneurship""]",0.937,DETERMINISTIC_EVIDENCE,False,"sector: sector agnostic, multi-sector","{""Cross-sector Innovation & Entrepreneurship"": 8.0}","[""https://www.startupindia.gov.in/content/dam/invest-india/Templates/startupindiaPDF/market_research_reports/The-Deals-Dynamics_A-PE-VC-Impact-Report_BDO-India.pdf""]","[""https://www.startupindia.gov.in/content/dam/invest-india/Templates/startupindiaPDF/market_research_reports/The-Deals-Dynamics_A-PE-VC-Impact-Report_BDO-India.pdf::FETCH_ERROR:HTTPError""]",False,LM_NOT_REQUESTED
b1_34da38c08eb157737a75,Tie%20Delhi%20Ncr%20Startup%20Report.Pdf,"[""Sector Agnostic / Multi-sector""]",Cross-sector Innovation & Entrepreneurship,[],"[""Cross-sector Innovation & Entrepreneurship""]",0.937,DETERMINISTIC_EVIDENCE,False,"sector: sector agnostic, multi-sector","{""Cross-sector Innovation & Entrepreneurship"": 8.0}","[""https://www.startupindia.gov.in/content/dam/invest-india/Templates/startupindiaPDF/market_research_reports/TiE%20Delhi%20NCR%20Startup%20Report.pdf""]","[""https://www.startupindia.gov.in/content/dam/invest-india/Templates/startupindiaPDF/market_research_reports/TiE%20Delhi%20NCR%20Startup%20Report.pdf::FETCH_ERROR:HTTPError""]",False,LM_NOT_REQUESTED
b1_f00c9cff3ac839c3a2d3,Ey Ecommerce And Consumer Internet Sector India Trendbook 2019.Pdf,"[""Retail, Commerce & Consumer Technology""]","Retail, Commerce & Consumer Technology",[],"[""Retail, Commerce & Consumer Technology""]",0.97,EXISTING_SECTOR_CONFIRMED,False,"scheme_name: ecommerce, consumer internet; field_evidence: ecommerce","{""Retail, Commerce & Consumer Technology"": 11.0}","[""https://www.startupindia.gov.in/content/dam/invest-india/Templates/startupindiaPDF/market_research_reports/ey-ecommerce-and-consumer-internet-sector-india-trendbook-2019.pdf""]","[""https://www.startupindia.gov.in/content/dam/invest-india/Templates/startupindiaPDF/market_research_reports/ey-ecommerce-and-consumer-internet-sector-india-trendbook-2019.pdf::FETCH_ERROR:HTTPError""]",False,LM_NOT_REQUESTED
b1_b8d2306dac1e9112725f,Framework For Startups.Pdf,"[""Sector Agnostic / Multi-sector""]",Cross-sector Innovation & Entrepreneurship,[],"[""Cross-sector Innovation & Entrepreneurship""]",0.937,DETERMINISTIC_EVIDENCE,False,"sector: sector agnostic, multi-sector","{""Cross-sector Innovation & Entrepreneurship"": 8.0}","[""https://www.startupindia.gov.in/content/dam/invest-india/Market-Research/framework-for-Startups.pdf""]","[""https://www.startupindia.gov.in/content/dam/invest-india/Market-Research/framework-for-Startups.pdf::FETCH_ERROR:HTTPError""]",False,LM_NOT_REQUESTED
b1_209a3fd28aa689da5250,Incubator Framework.Html,"[""Cross-sector Innovation & Entrepreneurship"", ""Biotechnology & Life Sciences"", ""Environment & Circular Economy""]",Biotechnology & Life Sciences,"[""Environment & Circular Economy""]","[""Biotechnology & Life Sciences"", ""Environment & Circular Economy""]",0.95,SECTOR_CONFLICT_REVIEW,True,"sector: biotechnology, biotech, life sciences; official_page_text: biotechnology, biotech; original sector conflicted: Cross-sector Innovation & Entrepreneurship","{""Biotechnology & Life Sciences"": 17.0, ""Environment & Circular Economy"": 13.0, ""Cross-sector Innovation & Entrepreneurship"": 8.5, ""Cross-sector MSME & Startup Finance"": 7.5, ""Agriculture & AgriTech"": 2.5, ""Healthcare & MedTech"": 2.5, ""Manufacturing & Industry 4.0"": 2.5, ""Water & Sanitation"": 2.5}","[""https://www.startupindia.gov.in/content/sih/en/incubator-framework.html""]","[""https://www.startupindia.gov.in/content/sih/en/incubator-framework.html::HTTP_200""]",False,LM_NOT_REQUESTED
b1_076735d98e8f17daf4d7,Eodb%20Grand%20Challenge%20Details V6.Pdf,"[""Sector Agnostic / Multi-sector""]",Cross-sector Innovation & Entrepreneurship,[],"[""Cross-sector Innovation & Entrepreneurship""]",0.937,DETERMINISTIC_EVIDENCE,False,"sector: sector agnostic, multi-sector","{""Cross-sector Innovation & Entrepreneurship"": 8.0}","[""https://www.startupindia.gov.in/content/dam/invest-india/Templates/public/EODB%20Grand%20Challenge%20Details_v6.pdf""]","[""https://www.startupindia.gov.in/content/dam/invest-india/Templates/public/EODB%20Grand%20Challenge%20Details_v6.pdf::PDF_NOT_PARSED""]",False,LM_NOT_REQUESTED
v332_dfc70b4c83d3fc4c5168,Assistance to Wholesalers and Retail Traders (AWRT) | MSME Financing,"[""Cross-sector MSME & Startup Finance""]",Cross-sector MSME & Startup Finance,[],"[""Cross-sector MSME & Startup Finance""]",0.767,CROSS_SECTOR_FALLBACK,False,official_page_text: working capital; broad financial instrument without an industry restriction,"{""Sector Agnostic / Multi-sector"": 4.5, ""Cross-sector MSME & Startup Finance"": 2.5}","[""https://www.nsic.co.in/Schemes/AWRTAgainstBG"", ""https://nsic.co.in/documents/pdfs/IC/Taiwan_Startup_supporting_programs_14022024.pdf"", ""https://nsic.co.in/documents/pdfs/Moratorium_Scheme_with_AnnexureA.pdf""]","[""https://www.nsic.co.in/Schemes/AWRTAgainstBG::HTTP_200"", ""https://nsic.co.in/documents/pdfs/IC/Taiwan_Startup_supporting_programs_14022024.pdf::PDF_NOT_PARSED"", ""https://nsic.co.in/documents/pdfs/Moratorium_Scheme_with_AnnexureA.pdf::PDF_NOT_PARSED""]",False,LM_NOT_REQUESTED
v332_dd98750be65f7a697d47,Bill Discounting Scheme | MSME Financing,"[""Cross-sector MSME & Startup Finance""]",Cross-sector MSME & Startup Finance,[],"[""Cross-sector MSME & Startup Finance""]",0.97,EXISTING_SECTOR_CONFIRMED,False,scheme_name: bill discounting; scheme_type: credit support; official_page_text: bill discounting,"{""Cross-sector MSME & Startup Finance"": 8.5, ""Sector Agnostic / Multi-sector"": 4.5, ""Manufacturing & Industry 4.0"": 2.5}","[""https://www.nsic.co.in/Schemes/BillDiscountingAgainstBG""]","[""https://www.nsic.co.in/Schemes/BillDiscountingAgainstBG::HTTP_200""]",False,LM_NOT_REQUESTED
v332_05ad0ef4cf5b16853015,Credit Facilitation Through Bank | MSME Assistance,"[""Cross-sector MSME & Startup Finance""]",Cross-sector MSME & Startup Finance,[],"[""Cross-sector MSME & Startup Finance""]",0.773,CROSS_SECTOR_FALLBACK,False,scheme_type: credit support; official_page_text: credit support; broad financial instrument without an industry restriction,"{""Sector Agnostic / Multi-sector"": 4.5, ""Cross-sector MSME & Startup Finance"": 3.5}","[""https://www.nsic.co.in/Schemes/CreditFacilitationThroughBank""]","[""https://www.nsic.co.in/Schemes/CreditFacilitationThroughBank::HTTP_200""]",False,LM_NOT_REQUESTED
v332_242b70c53db67a0988ab,ICT Digital Service | Digital Initiatives | MSMEMart,"[""Digital Technology & Software""]",Digital Technology & Software,[],"[""Digital Technology & Software""]",0.97,EXISTING_SECTOR_CONFIRMED,False,"sector: software, digital technology; official_page_text: software, saas","{""Digital Technology & Software"": 13.0, ""Sector Agnostic / Multi-sector"": 4.5, ""Artificial Intelligence & Data"": 2.5, ""Manufacturing & Industry 4.0"": 2.5, ""Retail, Commerce & Consumer Technology"": 2.5, ""Robotics & Automation"": 2.5}","[""https://www.nsic.co.in/Schemes/DigitalServices""]","[""https://www.nsic.co.in/Schemes/DigitalServices::HTTP_200""]",False,LM_NOT_REQUESTED
v332_efe104e15db214a36b4d,Exhibition Complex & Event Management Cell,"[""Cross-sector Innovation & Entrepreneurship""]",Cross-sector Innovation & Entrepreneurship,[],"[""Cross-sector Innovation & Entrepreneurship""]",0.767,CROSS_SECTOR_FALLBACK,False,broad innovation/entrepreneurship support without an industry restriction,"{""Sector Agnostic / Multi-sector"": 4.5, ""Environment & Circular Economy"": 2.5, ""Textiles, Apparel & Handicrafts"": 2.5}","[""https://www.nsic.co.in/Schemes/ExhibitionComplexEventManagement""]","[""https://www.nsic.co.in/Schemes/ExhibitionComplexEventManagement::HTTP_200""]",False,LM_NOT_REQUESTED
v332_8b59fbc346f76302270e,e-Marketing Services through MSME Global Mart | Digital Initiatives | MSMEMart,"[""Cross-sector Innovation & Entrepreneurship""]",Cross-sector Innovation & Entrepreneurship,[],"[""Cross-sector Innovation & Entrepreneurship""]",0.767,CROSS_SECTOR_FALLBACK,False,broad innovation/entrepreneurship support without an industry restriction,"{""Sector Agnostic / Multi-sector"": 4.5, ""Digital Technology & Software"": 2.5, ""Retail, Commerce & Consumer Technology"": 2.5, ""Robotics & Automation"": 2.5, ""Telecommunications & Connectivity"": 2.5}","[""https://www.nsic.co.in/Schemes/Infomadiary""]","[""https://www.nsic.co.in/Schemes/Infomadiary::HTTP_200""]",False,LM_NOT_REQUESTED
v332_661e14b665bc9092a5de,International Cooperation Activities,"[""Robotics & Automation""]",Robotics & Automation,[],"[""Robotics & Automation""]",0.97,EXISTING_SECTOR_CONFIRMED,False,"sector: robotics, robot, automation; official_page_text: robotics, robot","{""Robotics & Automation"": 17.0, ""Sector Agnostic / Multi-sector"": 4.5, ""Artificial Intelligence & Data"": 2.5, ""Food Processing & FoodTech"": 2.5, ""Manufacturing & Industry 4.0"": 2.5, ""Renewable Energy & Energy Storage"": 2.5, ""Textiles, Apparel & Handicrafts"": 2.5}","[""https://www.nsic.co.in/Schemes/InternationalCooperationActivities""]","[""https://www.nsic.co.in/Schemes/InternationalCooperationActivities::HTTP_200""]",False,LM_NOT_REQUESTED
v332_7bbfdddd6c0652af826b,Machines & Equipments Selling Scheme through Aggregation Services,"[""Cross-sector Innovation & Entrepreneurship""]",Cross-sector Innovation & Entrepreneurship,[],"[""Cross-sector Innovation & Entrepreneurship""]",0.767,CROSS_SECTOR_FALLBACK,False,broad innovation/entrepreneurship support without an industry restriction,"{""Sector Agnostic / Multi-sector"": 4.5, ""Manufacturing & Industry 4.0"": 2.5}","[""https://www.nsic.co.in/Schemes/MEScheme""]","[""https://www.nsic.co.in/Schemes/MEScheme::HTTP_200""]",False,LM_NOT_REQUESTED
v332_84a1fd4fb1a8d4689723,MSME SAARTHI (NBPA Scheme),"[""Cross-sector MSME & Startup Finance""]",Cross-sector MSME & Startup Finance,[],"[""Cross-sector MSME & Startup Finance""]",0.767,CROSS_SECTOR_FALLBACK,False,official_page_text: bill discounting; broad financial instrument without an industry restriction,"{""Sector Agnostic / Multi-sector"": 4.5, ""Cross-sector MSME & Startup Finance"": 2.5}","[""https://www.nsic.co.in/Schemes/MSMESaarthi""]","[""https://www.nsic.co.in/Schemes/MSMESaarthi::HTTP_200""]",False,LM_NOT_REQUESTED
v332_f28609ca6a7512ac5b67,Marketing Facilitation Scheme (MFS),"[""Cross-sector Innovation & Entrepreneurship""]",Cross-sector Innovation & Entrepreneurship,[],"[""Cross-sector Innovation & Entrepreneurship""]",0.82,CROSS_SECTOR_FALLBACK,False,broad innovation/entrepreneurship support without an industry restriction,"{""Sector Agnostic / Multi-sector"": 4.5}","[""https://www.nsic.co.in/Schemes/MarketingFacilitation""]","[""https://www.nsic.co.in/Schemes/MarketingFacilitation::HTTP_200""]",False,LM_NOT_REQUESTED
v332_1f978aff9c9e9ea43445,Marketing Intelligence,"[""Cross-sector Innovation & Entrepreneurship""]",Cross-sector Innovation & Entrepreneurship,[],"[""Cross-sector Innovation & Entrepreneurship""]",0.82,CROSS_SECTOR_FALLBACK,False,broad innovation/entrepreneurship support without an industry restriction,"{""Sector Agnostic / Multi-sector"": 4.5}","[""https://www.nsic.co.in/Schemes/MarketingIntelligence""]","[""https://www.nsic.co.in/Schemes/MarketingIntelligence::HTTP_200""]",False,LM_NOT_REQUESTED
v332_ee3220294a6dbcb633c0,National Scheduled Caste and Scheduled Tribe Hub | NSSH| National SC ST Hub,"[""Cross-sector Innovation & Entrepreneurship""]",Cross-sector Innovation & Entrepreneurship,[],"[""Cross-sector Innovation & Entrepreneurship""]",0.82,CROSS_SECTOR_FALLBACK,False,broad innovation/entrepreneurship support without an industry restriction,"{""Sector Agnostic / Multi-sector"": 4.5}","[""https://www.nsic.co.in/Schemes/NSSH""]","[""https://www.nsic.co.in/Schemes/NSSH::HTTP_200""]",False,LM_NOT_REQUESTED
v332_a211bfbd67f817508ac3,NSIC Space Available ON HIRE | Event Management | Exhibitions,"[""Digital Technology & Software""]",Digital Technology & Software,[],"[""Digital Technology & Software""]",0.97,EXISTING_SECTOR_CONFIRMED,False,"sector: software, digital technology; official_page_text: software, information technology","{""Digital Technology & Software"": 13.0, ""Sector Agnostic / Multi-sector"": 4.5, ""Cross-sector Innovation & Entrepreneurship"": 2.5, ""Renewable Energy & Energy Storage"": 2.5, ""Space Technology"": 2.5, ""Telecommunications & Connectivity"": 2.5}","[""https://www.nsic.co.in/Schemes/OpenSpaces""]","[""https://www.nsic.co.in/Schemes/OpenSpaces::HTTP_200""]",False,LM_NOT_REQUESTED
v332_807f5e6f513019646e5c,Participation of MSMEs in Exhibitions,"[""Cross-sector Innovation & Entrepreneurship""]",Cross-sector Innovation & Entrepreneurship,[],"[""Cross-sector Innovation & Entrepreneurship""]",0.767,CROSS_SECTOR_FALLBACK,False,broad innovation/entrepreneurship support without an industry restriction,"{""Sector Agnostic / Multi-sector"": 4.5, ""Manufacturing & Industry 4.0"": 2.5}","[""https://www.nsic.co.in/Schemes/ParticipationMSMEExhibitions""]","[""https://www.nsic.co.in/Schemes/ParticipationMSMEExhibitions::HTTP_200""]",False,LM_NOT_REQUESTED
v332_ba8fd381f036d95ad89b,RMA against Bank Guarantee | MSME Financing,"[""Cross-sector MSME & Startup Finance""]",Cross-sector MSME & Startup Finance,[],"[""Cross-sector MSME & Startup Finance""]",0.773,CROSS_SECTOR_FALLBACK,False,scheme_type: credit support; official_page_text: credit support; broad financial instrument without an industry restriction,"{""Sector Agnostic / Multi-sector"": 4.5, ""Cross-sector MSME & Startup Finance"": 3.5, ""Manufacturing & Industry 4.0"": 2.5}","[""https://www.nsic.co.in/Schemes/RawMaterialAgainstBG""]","[""https://www.nsic.co.in/Schemes/RawMaterialAgainstBG::HTTP_200""]",False,LM_NOT_REQUESTED
v332_6d45698f7dedb40def0d,Single Point Registration Scheme | GP Certificate | SPRS,"[""Cross-sector Innovation & Entrepreneurship""]",Cross-sector Innovation & Entrepreneurship,[],"[""Cross-sector Innovation & Entrepreneurship""]",0.767,CROSS_SECTOR_FALLBACK,False,broad innovation/entrepreneurship support without an industry restriction,"{""Sector Agnostic / Multi-sector"": 4.5, ""Logistics & Supply Chain"": 2.5, ""Manufacturing & Industry 4.0"": 2.5}","[""https://www.nsic.co.in/Schemes/SinglePointRegistration""]","[""https://www.nsic.co.in/Schemes/SinglePointRegistration::HTTP_200""]",False,LM_NOT_REQUESTED
v332_262749620413e0d15205,Bharat Startup Grand Challenge | Startup India,"[""Cross-sector MSME & Startup Finance""]",Cross-sector MSME & Startup Finance,[],"[""Cross-sector MSME & Startup Finance""]",0.923,EXISTING_SECTOR_CONFIRMED,False,"official_page_text: credit guarantee, fund of funds, seed fund","{""Cross-sector MSME & Startup Finance"": 7.5, ""Cross-sector Innovation & Entrepreneurship"": 5.0, ""Artificial Intelligence & Data"": 2.5, ""Healthcare & MedTech"": 2.5, ""Media, Gaming & Creative Industries"": 2.5}","[""https://www.startupindia.gov.in/content/sih/en/bharat-startup-grand-challenge.html"", ""https://www.startupindia.gov.in/content/dam/invest-india/Templates/public/EODB%20Grand%20Challenge%20Details_v6.pdf"", ""https://www.startupindia.gov.in/content/dam/startupindia/Startup-India-Fund-of-Funds-2.0-Scheme.pdf""]","[""https://www.startupindia.gov.in/content/sih/en/bharat-startup-grand-challenge.html::HTTP_200"", ""https://www.startupindia.gov.in/content/dam/invest-india/Templates/public/EODB%20Grand%20Challenge%20Details_v6.pdf::PDF_NOT_PARSED"", ""https://www.startupindia.gov.in/content/dam/startupindia/Startup-India-Fund-of-Funds-2.0-Scheme.pdf::PDF_NOT_PARSED""]",False,LM_NOT_REQUESTED
v332_180c521a5c6abfd298fd,Credit Guarantee Scheme for Startups,"[""Cross-sector MSME & Startup Finance""]",Cross-sector MSME & Startup Finance,[],"[""Cross-sector MSME & Startup Finance""]",0.97,EXISTING_SECTOR_CONFIRMED,False,"scheme_name: credit guarantee; scheme_type: credit guarantee; official_page_text: credit guarantee, fund of funds, seed fund, working capital","{""Cross-sector MSME & Startup Finance"": 13.5, ""Cross-sector Innovation & Entrepreneurship"": 5.0}","[""https://www.startupindia.gov.in/content/sih/en/credit-guarantee-scheme-for-startups.html""]","[""https://www.startupindia.gov.in/content/sih/en/credit-guarantee-scheme-for-startups.html::HTTP_200""]",False,LM_NOT_REQUESTED
v332_403d76556f9dbd7968ef,Incubator Schemes,"[""Cross-sector Innovation & Entrepreneurship"", ""Biotechnology & Life Sciences"", ""Environment & Circular Economy""]",Biotechnology & Life Sciences,"[""Environment & Circular Economy""]","[""Biotechnology & Life Sciences"", ""Environment & Circular Economy""]",0.95,SECTOR_CONFLICT_REVIEW,True,"sector: biotechnology, biotech, life sciences; official_page_text: biotechnology, biotech; original sector conflicted: Cross-sector Innovation & Entrepreneurship","{""Biotechnology & Life Sciences"": 17.0, ""Environment & Circular Economy"": 13.0, ""Cross-sector Innovation & Entrepreneurship"": 8.5, ""Cross-sector MSME & Startup Finance"": 7.5, ""Agriculture & AgriTech"": 2.5, ""Healthcare & MedTech"": 2.5, ""Manufacturing & Industry 4.0"": 2.5, ""Water & Sanitation"": 2.5}","[""https://www.startupindia.gov.in/content/sih/en/incubator-schemes.html""]","[""https://www.startupindia.gov.in/content/sih/en/incubator-schemes.html::HTTP_200""]",False,LM_NOT_REQUESTED
v332_8bb8621f379572d79719,International Bridges,"[""Cross-sector MSME & Startup Finance""]",Cross-sector MSME & Startup Finance,[],"[""Cross-sector MSME & Startup Finance""]",0.923,EXISTING_SECTOR_CONFIRMED,False,"official_page_text: credit guarantee, fund of funds, seed fund, venture fund","{""Cross-sector MSME & Startup Finance"": 7.5, ""Cross-sector Innovation & Entrepreneurship"": 5.0, ""Automotive & Mobility"": 2.5}","[""https://www.startupindia.gov.in/content/sih/en/international.html""]","[""https://www.startupindia.gov.in/content/sih/en/international.html::HTTP_200""]",False,LM_NOT_REQUESTED
v332_bae4b61912e6b147887c,National Startup Awards Landing,"[""Cross-sector MSME & Startup Finance""]",Cross-sector MSME & Startup Finance,[],"[""Cross-sector MSME & Startup Finance""]",0.923,EXISTING_SECTOR_CONFIRMED,False,"official_page_text: credit guarantee, fund of funds, seed fund","{""Cross-sector MSME & Startup Finance"": 7.5, ""Cross-sector Innovation & Entrepreneurship"": 5.0, ""Social Impact & Rural Innovation"": 2.5}","[""https://www.startupindia.gov.in/content/sih/en/nsa-landing.html""]","[""https://www.startupindia.gov.in/content/sih/en/nsa-landing.html::HTTP_200""]",False,LM_NOT_REQUESTED
v332_c532a2e19c687fa77d50,PUBLIC PROCUREMENT,"[""Cross-sector Innovation & Entrepreneurship""]",Cross-sector Innovation & Entrepreneurship,[],"[""Cross-sector Innovation & Entrepreneurship""]",0.84,EXISTING_SECTOR_CONFIRMED,False,"official_page_text: startup ecosystem, incubation support, accelerator, proof of concept","{""Cross-sector Innovation & Entrepreneurship"": 7.5, ""Cross-sector MSME & Startup Finance"": 7.5, ""Aerospace & Defence"": 2.5, ""Agriculture & AgriTech"": 2.5, ""Artificial Intelligence & Data"": 2.5, ""Cybersecurity"": 2.5, ""Electronics & Semiconductors"": 2.5, ""Environment & Circular Economy"": 2.5}","[""https://www.startupindia.gov.in/content/sih/en/public_procurement.html""]","[""https://www.startupindia.gov.in/content/sih/en/public_procurement.html::HTTP_200""]",False,LM_NOT_REQUESTED
v332_783a531ec28b3e1a662f,Startup India Scheme,"[""Cross-sector MSME & Startup Finance"", ""Environment & Circular Economy""]",Environment & Circular Economy,[],"[""Environment & Circular Economy""]",0.95,SECTOR_CONFLICT_REVIEW,True,"sector: environment, circular economy; official_page_text: environment, pollution control; original sector conflicted: Cross-sector MSME & Startup Finance","{""Environment & Circular Economy"": 13.0, ""Cross-sector MSME & Startup Finance"": 7.5, ""Cross-sector Innovation & Entrepreneurship"": 5.0, ""Deep Technology"": 2.5, ""Manufacturing & Industry 4.0"": 2.5}","[""https://www.startupindia.gov.in/content/sih/en/startup-scheme.html""]","[""https://www.startupindia.gov.in/content/sih/en/startup-scheme.html::HTTP_200""]",False,LM_NOT_REQUESTED
v332_d7187e5adb221d198743,International,"[""Cross-sector MSME & Startup Finance""]",Cross-sector MSME & Startup Finance,[],"[""Cross-sector MSME & Startup Finance""]",0.923,EXISTING_SECTOR_CONFIRMED,False,"official_page_text: credit guarantee, fund of funds, seed fund","{""Cross-sector MSME & Startup Finance"": 7.5, ""Cross-sector Innovation & Entrepreneurship"": 5.0}","[""https://www.startupindia.gov.in/content/sih/en/startup-scheme/international.html""]","[""https://www.startupindia.gov.in/content/sih/en/startup-scheme/international.html::HTTP_200""]",False,LM_NOT_REQUESTED
v332_3502bb2bbb8ab6f0f10c,Income Tax Exemption Notifications,"[""Cross-sector MSME & Startup Finance"", ""Biotechnology & Life Sciences""]",Biotechnology & Life Sciences,[],"[""Biotechnology & Life Sciences""]",0.95,SECTOR_CONFLICT_REVIEW,True,"sector: biotechnology, biotech, life sciences; official_page_text: biotechnology, biotech; original sector conflicted: Cross-sector MSME & Startup Finance","{""Biotechnology & Life Sciences"": 17.0, ""Cross-sector MSME & Startup Finance"": 7.5, ""Cross-sector Innovation & Entrepreneurship"": 5.0}","[""https://www.startupindia.gov.in/content/sih/en/startupgov/imb.html""]","[""https://www.startupindia.gov.in/content/sih/en/startupgov/imb.html::HTTP_200""]",False,LM_NOT_REQUESTED
v332_f47c45174829b4e6d5b8,Self Certification,"[""Cross-sector MSME & Startup Finance""]",Cross-sector MSME & Startup Finance,[],"[""Cross-sector MSME & Startup Finance""]",0.923,EXISTING_SECTOR_CONFIRMED,False,"official_page_text: credit guarantee, fund of funds, seed fund","{""Cross-sector MSME & Startup Finance"": 7.5, ""Cross-sector Innovation & Entrepreneurship"": 5.0, ""ClimateTech & Clean Energy"": 2.5, ""Environment & Circular Economy"": 2.5}","[""https://www.startupindia.gov.in/content/sih/en/startupgov/self-certification.html""]","[""https://www.startupindia.gov.in/content/sih/en/startupgov/self-certification.html::HTTP_200""]",False,LM_NOT_REQUESTED
v332_df4bf7d879fd96322411,Startup India MyBharat,"[""Cross-sector Innovation & Entrepreneurship""]",Cross-sector Innovation & Entrepreneurship,[],"[""Cross-sector Innovation & Entrepreneurship""]",0.84,EXISTING_SECTOR_CONFIRMED,False,"official_page_text: innovation and entrepreneurship, startup ecosystem, accelerator","{""Cross-sector Innovation & Entrepreneurship"": 7.5, ""Cross-sector MSME & Startup Finance"": 7.5}","[""https://www.startupindia.gov.in/content/sih/en/startupindia-mybharat.html""]","[""https://www.startupindia.gov.in/content/sih/en/startupindia-mybharat.html::HTTP_200""]",False,LM_NOT_REQUESTED
dststartup_5ec8809e526fc24dfba9,NIDHI – PRAYAS,"[""Cross-sector Innovation & Entrepreneurship""]",Cross-sector Innovation & Entrepreneurship,[],"[""Cross-sector Innovation & Entrepreneurship""]",0.97,EXISTING_SECTOR_CONFIRMED,False,"scheme_name: nidhi, prayas; eligibility: nidhi, prayas; application_process: prayas; field_evidence: nidhi, prayas","{""Cross-sector Innovation & Entrepreneurship"": 32.5}","[""https://nidhi.dst.gov.in/schemes-programmes/nidhiprayas/"", ""https://nidhi.dst.gov.in/document-category/programme-guidelines/""]","[""https://nidhi.dst.gov.in/schemes-programmes/nidhiprayas/::HTTP_200"", ""https://nidhi.dst.gov.in/document-category/programme-guidelines/::HTTP_200""]",False,LM_NOT_REQUESTED
dststartup_b4fb6c485e9a8de2e5dc,NIDHI – Entrepreneur-in-Residence,"[""Cross-sector Innovation & Entrepreneurship""]",Cross-sector Innovation & Entrepreneurship,[],"[""Cross-sector Innovation & Entrepreneurship""]",0.97,EXISTING_SECTOR_CONFIRMED,False,scheme_name: nidhi; eligibility: nidhi; application_process: nidhi; field_evidence: nidhi,"{""Cross-sector Innovation & Entrepreneurship"": 18.5}","[""https://nidhi.dst.gov.in/nidhieir/"", ""https://nidhi.dst.gov.in/document-category/programme-guidelines/""]","[""https://nidhi.dst.gov.in/nidhieir/::HTTP_200"", ""https://nidhi.dst.gov.in/document-category/programme-guidelines/::HTTP_200""]",False,LM_NOT_REQUESTED
dststartup_d9c2b0323cb5bf69a5f1,NIDHI Seed Support Program,"[""Cross-sector Innovation & Entrepreneurship""]",Cross-sector Innovation & Entrepreneurship,[],"[""Cross-sector Innovation & Entrepreneurship""]",0.97,EXISTING_SECTOR_CONFIRMED,False,"scheme_name: nidhi; application_process: nidhi; field_evidence: nidhi; official_page_text: nidhi, technology business incubator","{""Cross-sector Innovation & Entrepreneurship"": 18.0, ""Environment & Circular Economy"": 2.5}","[""https://nidhi.dst.gov.in/nidhissp/"", ""https://nidhi.dst.gov.in/document-category/programme-guidelines/""]","[""https://nidhi.dst.gov.in/nidhissp/::HTTP_200"", ""https://nidhi.dst.gov.in/document-category/programme-guidelines/::HTTP_200""]",False,LM_NOT_REQUESTED
dststartup_3fe56756e450cae9a68c,NIDHI – Technology Business Incubators,"[""Cross-sector Innovation & Entrepreneurship""]",Cross-sector Innovation & Entrepreneurship,[],"[""Cross-sector Innovation & Entrepreneurship""]",0.97,EXISTING_SECTOR_CONFIRMED,False,"scheme_name: nidhi, technology business incubator; field_evidence: nidhi; official_page_text: innovation and entrepreneurship, startup ecosystem, incubation support, nidhi; guideline_text: accelerator, nidhi, prayas, technology business incubator","{""Cross-sector Innovation & Entrepreneurship"": 24.5, ""Environment & Circular Economy"": 2.5}","[""https://nidhi.dst.gov.in/nidhitbi/"", ""https://nidhi.dst.gov.in/document-category/programme-guidelines/""]","[""https://nidhi.dst.gov.in/nidhitbi/::HTTP_200"", ""https://nidhi.dst.gov.in/document-category/programme-guidelines/::HTTP_200""]",False,LM_NOT_REQUESTED
dststartup_1d064daaa86ac3f37738,NIDHI – Inclusive Technology Business Incubators,"[""Cross-sector Innovation & Entrepreneurship""]",Cross-sector Innovation & Entrepreneurship,[],"[""Cross-sector Innovation & Entrepreneurship""]",0.97,EXISTING_SECTOR_CONFIRMED,False,"scheme_name: nidhi, technology business incubator; eligibility: nidhi; application_process: nidhi; field_evidence: nidhi","{""Cross-sector Innovation & Entrepreneurship"": 28.5}","[""https://nidhi.dst.gov.in/nidhiitbi/"", ""https://nidhi.dst.gov.in/document-category/programme-guidelines/""]","[""https://nidhi.dst.gov.in/nidhiitbi/::HTTP_200"", ""https://nidhi.dst.gov.in/document-category/programme-guidelines/::HTTP_200""]",False,LM_NOT_REQUESTED
dststartup_a9b053d7f94272158492,NIDHI – Accelerator,"[""Cross-sector Innovation & Entrepreneurship""]",Cross-sector Innovation & Entrepreneurship,[],"[""Cross-sector Innovation & Entrepreneurship""]",0.97,EXISTING_SECTOR_CONFIRMED,False,"scheme_name: accelerator, nidhi; eligibility: accelerator; application_process: accelerator, nidhi; field_evidence: accelerator, nidhi","{""Cross-sector Innovation & Entrepreneurship"": 30.5, ""Logistics & Supply Chain"": 2.5}","[""https://nidhi.dst.gov.in/schemes-programmes/nidhiaccelerator/"", ""https://nidhi.dst.gov.in/document-category/programme-guidelines/""]","[""https://nidhi.dst.gov.in/schemes-programmes/nidhiaccelerator/::HTTP_200"", ""https://nidhi.dst.gov.in/document-category/programme-guidelines/::HTTP_200""]",False,LM_NOT_REQUESTED
dststartup_c14cf6af6c4512b6ded7,Technology Development Board Core Funding,"[""Aerospace & Defence""]",Aerospace & Defence,[],"[""Aerospace & Defence""]",0.97,EXISTING_SECTOR_CONFIRMED,False,"sector: aerospace, defence; official_page_text: aviation, defence","{""Aerospace & Defence"": 13.0, ""Agriculture & AgriTech"": 2.5, ""Biotechnology & Life Sciences"": 2.5, ""Digital Technology & Software"": 2.5, ""Electronics & Semiconductors"": 2.5, ""Pharmaceuticals & Drug Discovery"": 2.5, ""Textiles, Apparel & Handicrafts"": 2.5, ""Environment & Circular Economy"": 2.0}","[""https://tdb.gov.in/"", ""https://tdb.gov.in/downloads-0""]","[""https://tdb.gov.in/::HTTP_200"", ""https://tdb.gov.in/downloads-0::HTTP_200""]",False,LM_NOT_REQUESTED
