candidate_id,canonical_name,entity_type,entity_reason,entity_confidence,record_kind,programme_status,application_status,status_basis,opening_date,closing_date,official_page_url,application_url,source,ministry,implementing_agency,startup_relevance,startup_relevance_confidence,parent_candidate_id,parent_master_id,parent_scheme_name,parent_resolution,related_candidate_id,existing_master_id,existing_public_record,evidence_id,evidence_excerpt,status_evidence,source_evidence_urls,quality_flags,admin_queue,publication_eligible,apply_action_allowed,duplicate_key
meity380_94bf8d81056f9d9c5192,Bhumi,HACKATHON,Hackathon markers,0.91,APPLICATION_CALL,VERIFICATION_REQUIRED,VERIFICATION_REQUIRED,Current status requirements are incomplete,,,https://msh.meity.gov.in/program/mshcorporate/bhumi,,MeitY Startup Hub,Ministry of Electronics and Information Technology (MeitY),MeitY Startup Hub,STARTUP_DIRECT,0.79,meity380_2b210dff922968dc1524,meitycall_2f886d6194cb0b281a16,Xr Startup Program,MATCHED_EXISTING_PROGRAMME,,meitycall_a95e53af41b5c53999cf,False,meityev_09611861e39a9da2dafa,"meitycall_a95e53af41b5c53999cf Bhumi MeitY Startup Hub Ministry of Electronics and Information Technology (MeitY) MeitY Startup Hub APPLICATION_CALL CALL_INSTANCE 147173e17ea741687247 SAMRIDH CURATED_OFFICIAL_RELATIONSHIP https://msh.meity.gov.in/program/mshcorporate/bhumi VERIFICATION_REQUIRED INSUFFICIENT_CURRENT_STATUS_EVIDENCE No verified current deadline and official application route were established. REQUIRES_ADMIN_VERIFICATION DIRECT_OR_REVIEW_REQUIRED UNKNOWN 0.600 True False Bhumi Skip to main content meity-sthub@gov.in Contact : +91-11-24301244 ABOUT US SCHEMES PROGRAM NETWORKS RESOURCE MEDIA REGISTER LOGIN PROGRAMS > MSH CORPORATE > BHUMI – BSF BHUMI – BSF Background: To leverage the innovations created by the Indian entrepreneurs and to build on the mission of Atmanirbhar Bharat, Border Security Forces (BSF) seeks to organize Hackathons with Indian startups and premier Insti","meitycall_a95e53af41b5c53999cf Bhumi MeitY Startup Hub Ministry of Electronics and Information Technology (MeitY) MeitY Startup Hub APPLICATION_CALL CALL_INSTANCE 147173e17ea741687247 SAMRIDH CURATED_OFFICIAL_RELATIONSHIP https://msh.meity.gov.in/program/mshcorporate/bhumi VERIFICATION_REQUIRED INSUFFICIENT_CURRENT_STATUS_EVIDENCE No verified current deadline and official application route were established. REQUIRES_ADMIN_VERIFICATION DIRECT_OR_REVIEW_REQUIRED UNKNOWN 0.600 True False Bhumi Skip to main content meity-sthub@gov.in Contact : +91-11-24301244 ABOUT US SCHEMES PROGRAM NETWORKS RESOURCE MEDIA REGISTER LOGIN PROGRAMS > MSH CORPORATE > BHUMI – BSF BHUMI – BSF Background: To leverage the innovations created by the Indian entrepreneurs and to build on the mission of Atmanirbhar Bharat, Border Security Forces (BSF) seeks to organize Hackathons with Indian startups and premier Institutions for cost effective solutions to strengthen the border security scenario. In compliance to the directions, Ministry of Electronics & IT Startup Hub (MeitY Startup Hub) is collaborating with BSF to provide access to the platform, resources, startups, and institutions which can be engaged in th",https://msh.meity.gov.in/program/mshcorporate/bhumi,,CALL_OR_CHALLENGE_REVIEW,False,False,102ba571ba354baa5e89d469ab6a3dcce62e0cf0c926e9dc1113f5d3fd7222a4
meity380_8614c5782161d16c9ed0,BHUMI – BSF Border Security Hackathon,HACKATHON,Hackathon markers,0.91,APPLICATION_CALL,VERIFICATION_REQUIRED,VERIFICATION_REQUIRED,Current status requirements are incomplete,,,https://msh.meity.gov.in/program/mshcorporate/bhumi,,MeitY Startup Hub,Ministry of Electronics and Information Technology (MeitY),MeitY Startup Hub,STARTUP_DIRECT,0.79,,,,PARENT_REQUIRES_ADMIN_VERIFICATION,,meitycall_a95e53af41b5c53999cf,False,meityev_50bd2f238812171aeb6e,"meitycall_a95e53af41b5c53999cf Bhumi BHUMI – BSF Border Security Hackathon https://msh.meity.gov.in/program/mshcorporate/bhumi A distinct hackathon identity is present, but the page uses prospective language and provides no verified dated completion or application window. Locate dated official announcement, result or closure evidence before historical qualification. True False Skip to main content meity-sthub@gov.in Contact : +91-11-24301244 ABOUT US SCHEMES PROGRAM NETWORKS RESOURCE MEDIA REGISTER LOGIN PROGRAMS > MSH CORPORATE > BHUMI – BSF BHUMI – BSF Background: To leverage the innovations created by the Indian entrepreneurs and to build on the mission of Atmanirbhar Bharat, Border Security Forces (BSF) seeks to organize Hackathons with Indian startups and premier Institutions for cost effective solutions to strengthen the border security scenario. In compliance to the directions, Mi","meitycall_a95e53af41b5c53999cf Bhumi BHUMI – BSF Border Security Hackathon https://msh.meity.gov.in/program/mshcorporate/bhumi A distinct hackathon identity is present, but the page uses prospective language and provides no verified dated completion or application window. Locate dated official announcement, result or closure evidence before historical qualification. True False Skip to main content meity-sthub@gov.in Contact : +91-11-24301244 ABOUT US SCHEMES PROGRAM NETWORKS RESOURCE MEDIA REGISTER LOGIN PROGRAMS > MSH CORPORATE > BHUMI – BSF BHUMI – BSF Background: To leverage the innovations created by the Indian entrepreneurs and to build on the mission of Atmanirbhar Bharat, Border Security Forces (BSF) seeks to organize Hackathons with Indian startups and premier Institutions for cost effective solutions to strengthen the border security scenario. In compliance to the directions, Ministry of Electronics & IT Startup Hub (MeitY Startup Hub) is collaborating with BSF to provide access to the platform, resources, startups, and institutions which can be engaged in this process of solution identification based on problem statements as provided by BSF. Read More >> Get to Know Terms",https://msh.meity.gov.in/program/mshcorporate/bhumi,PARENT_UNRESOLVED,CALL_OR_CHALLENGE_REVIEW,False,False,b3ea5e10c644eb304666e9a85a65f369fd7ade1d30d6f419032eae417be9bc60
meity380_4addec90cfd2b6e4fc38,CREST Semiconductor Accelerator for Early-Stage Startups,ACCELERATOR_COHORT,Dated cohort/call markers,0.84,APPLICATION_CALL,VERIFICATION_REQUIRED,VERIFICATION_REQUIRED,Current status requirements are incomplete,,,https://msh.meity.gov.in/program/mshcorporate/micron,,MeitY Startup Hub,Ministry of Electronics and Information Technology (MeitY),MeitY Startup Hub,STARTUP_DIRECT,0.79,meity380_1d567fedb2b3d9b772e1,meitycall_0c7011d0b31e008b13b8,Micron,MATCHED_EXISTING_PROGRAMME,,meitycall_0c7011d0b31e008b13b8,False,meityev_01881c85642c87cabfbf,"meitycall_0c7011d0b31e008b13b8 Micron CREST Semiconductor Accelerator for Early-Stage Startups https://msh.meity.gov.in/program/mshcorporate/micron The official page describes a launched accelerator, but the specific cohort window and historical closure are not yet evidenced. Recover cohort dates, selection result and applicant-layer evidence. True False Skip to main content meity-sthub@gov.in Contact : +91-11-24301244 ABOUT US SCHEMES PROGRAM NETWORKS RESOURCE MEDIA REGISTER LOGIN PROGRAMS > MSH CORPORATE > MICRON MEITY STARTUP HUB (MSH), MICRON AND PIEDS, CREST (BITS PILANI), LAUNCH A SEMICONDUCTOR ACCELERATOR FOR EARLY-STAGE STARTUPS MeitY Startup Hub (MSH) an independent division of the Ministry of Electronics & Information Technology (MeitY), Government of India in partnership with Micron and PIEDS, the Technology Business Incubator and Center for Research Excellence in Semiconducto","meitycall_0c7011d0b31e008b13b8 Micron CREST Semiconductor Accelerator for Early-Stage Startups https://msh.meity.gov.in/program/mshcorporate/micron The official page describes a launched accelerator, but the specific cohort window and historical closure are not yet evidenced. Recover cohort dates, selection result and applicant-layer evidence. True False Skip to main content meity-sthub@gov.in Contact : +91-11-24301244 ABOUT US SCHEMES PROGRAM NETWORKS RESOURCE MEDIA REGISTER LOGIN PROGRAMS > MSH CORPORATE > MICRON MEITY STARTUP HUB (MSH), MICRON AND PIEDS, CREST (BITS PILANI), LAUNCH A SEMICONDUCTOR ACCELERATOR FOR EARLY-STAGE STARTUPS MeitY Startup Hub (MSH) an independent division of the Ministry of Electronics & Information Technology (MeitY), Government of India in partnership with Micron and PIEDS, the Technology Business Incubator and Center for Research Excellence in Semiconductor Technologies (CREST) of BITS Pilani announced today the launch of CREST accelerator program for startups in Semiconductor domain. The accelerator program will curate a cohort of startups and provide each with funding of up to Rs. 10 Lacs, with an opportunity to raise further investment at the end ",https://msh.meity.gov.in/program/mshcorporate/micron,,CALL_OR_CHALLENGE_REVIEW,False,False,d06cf379af32904baf65d8ad2c150ee7f0837b6daad45918e0558c13c45b70a5
meity380_2c9c3c37e1feb8646d16,Drishti,GRAND_CHALLENGE,Grand challenge markers,0.91,APPLICATION_CALL,VERIFICATION_REQUIRED,VERIFICATION_REQUIRED,Current status requirements are incomplete,,,https://msh.meity.gov.in/program/mshcorporate/drishti,,MeitY Startup Hub,Ministry of Electronics and Information Technology (MeitY),MeitY Startup Hub,STARTUP_DIRECT,0.79,meity380_2b210dff922968dc1524,meitycall_2f886d6194cb0b281a16,Xr Startup Program,MATCHED_EXISTING_PROGRAMME,,meitycall_533fd1397d9885d223d2,False,meityev_9fb8ffb8ab71609110cc,meitycall_533fd1397d9885d223d2 Drishti MeitY Startup Hub Ministry of Electronics and Information Technology (MeitY) MeitY Startup Hub APPLICATION_CALL CALL_INSTANCE 147173e17ea741687247 SAMRIDH CURATED_OFFICIAL_RELATIONSHIP https://msh.meity.gov.in/program/mshcorporate/drishti VERIFICATION_REQUIRED INSUFFICIENT_CURRENT_STATUS_EVIDENCE No verified current deadline and official application route were established. REQUIRES_ADMIN_VERIFICATION DIRECT_OR_REVIEW_REQUIRED UNKNOWN 0.600 True False Drishti Skip to main content meity-sthub@gov.in Contact : +91-11-24301244 ABOUT US SCHEMES PROGRAM NETWORKS RESOURCE MEDIA REGISTER LOGIN PROGRAMS > MSH CORPORATE > DRISHTI - SSB DRISHTI - SSB Background: MeitY in partnership with Sashastra Seema Bal (SSB) had undertaken a Grand Challenge on Strengthening Border Security entitled 'DRISHTI' (Development of Researched Indigenous Solutions – Hackathon for ,"meitycall_533fd1397d9885d223d2 Drishti MeitY Startup Hub Ministry of Electronics and Information Technology (MeitY) MeitY Startup Hub APPLICATION_CALL CALL_INSTANCE 147173e17ea741687247 SAMRIDH CURATED_OFFICIAL_RELATIONSHIP https://msh.meity.gov.in/program/mshcorporate/drishti VERIFICATION_REQUIRED INSUFFICIENT_CURRENT_STATUS_EVIDENCE No verified current deadline and official application route were established. REQUIRES_ADMIN_VERIFICATION DIRECT_OR_REVIEW_REQUIRED UNKNOWN 0.600 True False Drishti Skip to main content meity-sthub@gov.in Contact : +91-11-24301244 ABOUT US SCHEMES PROGRAM NETWORKS RESOURCE MEDIA REGISTER LOGIN PROGRAMS > MSH CORPORATE > DRISHTI - SSB DRISHTI - SSB Background: MeitY in partnership with Sashastra Seema Bal (SSB) had undertaken a Grand Challenge on Strengthening Border Security entitled 'DRISHTI' (Development of Researched Indigenous Solutions – Hackathon for Technological Innovations) through MSH platform to identify impactful solutions from startups to address the problem statements identified by SSB with an overall outlay of Rs. 65 Lakh. It was envisaged to use the solutions developed by the start-ups to augment, improve and scale the Border security ",https://msh.meity.gov.in/program/mshcorporate/drishti,,CALL_OR_CHALLENGE_REVIEW,False,False,5747ca7e4f541e5ec224230bdeef618a310fa40222efdfe2104c8833a3be20da
meity380_ad68af5a09f81689d5d5,Drishti,HACKATHON,Hackathon markers,0.91,APPLICATION_CALL,VERIFICATION_REQUIRED,VERIFICATION_REQUIRED,Current status requirements are incomplete,,,https://msh.meity.gov.in/program/mshcorporate/drishti,,MeitY Startup Hub,Ministry of Electronics and Information Technology (MeitY),MeitY Startup Hub,RELEVANCE_REVIEW,0.42,,,,PARENT_REQUIRES_ADMIN_VERIFICATION,,meitycall_533fd1397d9885d223d2,False,meityev_666df4b00909d6ce3a8d,"meitycall_533fd1397d9885d223d2 Drishti https://msh.meity.gov.in/program/mshcorporate/drishti PUBLISHED 1 VERIFICATION_REQUIRED VALID_CALL_INSTANCE The evidence supports a distinct programme, challenge or hackathon identity, but current status and dates remain unverified. CALL_IDENTITY_ONLY False Rebuild as a historical or current call only after dates, applicant layer, page role and status are verified. 3","meitycall_533fd1397d9885d223d2 Drishti https://msh.meity.gov.in/program/mshcorporate/drishti PUBLISHED 1 VERIFICATION_REQUIRED VALID_CALL_INSTANCE The evidence supports a distinct programme, challenge or hackathon identity, but current status and dates remain unverified. CALL_IDENTITY_ONLY False Rebuild as a historical or current call only after dates, applicant layer, page role and status are verified. 3",https://msh.meity.gov.in/program/mshcorporate/drishti,PARENT_UNRESOLVED,CALL_OR_CHALLENGE_REVIEW,False,False,a30acf3ad2309f763222b188a7f5cc4a45dd9111e5ab63e035a27690bdf17128
meity380_5a3f2094107fd24c805a,DRISHTI – SSB Grand Challenge on Strengthening Border Security,GRAND_CHALLENGE,Grand challenge markers,0.91,APPLICATION_CALL,VERIFICATION_REQUIRED,VERIFICATION_REQUIRED,Current status requirements are incomplete,,,https://msh.meity.gov.in/program/mshcorporate/drishti,,MeitY Startup Hub,Ministry of Electronics and Information Technology (MeitY),MeitY Startup Hub,STARTUP_DIRECT,0.79,,,,PARENT_REQUIRES_ADMIN_VERIFICATION,,meitycall_533fd1397d9885d223d2,False,meityev_1a0a8edeba7b36a22789,meityhist_767b6da6815bc7f773f0 meitycall_533fd1397d9885d223d2 DRISHTI – SSB Grand Challenge on Strengthening Border Security MeitY Startup Hub Ministry of Electronics and Information Technology (MeitY) MeitY Startup Hub https://msh.meity.gov.in/program/mshcorporate/drishti HISTORICAL_CLOSED GRAND_CHALLENGE Defence & Border Security STARTUP STARTUP_DIRECT STANDALONE_OFFICIAL_HISTORICAL_CALL The official page states that MeitY and SSB had undertaken the DRISHTI Grand Challenge and describes the intended use of startup-developed solutions. Skip to main content meity-sthub@gov.in Contact : +91-11-24301244 ABOUT US SCHEMES PROGRAM NETWORKS RESOURCE MEDIA REGISTER LOGIN PROGRAMS > MSH CORPORATE > DRISHTI - SSB DRISHTI - SSB Background: MeitY in partnership with Sashastra Seema Bal (SSB) had undertaken a Grand Challenge on Strengthening Border Security entitled 'DRISHTI' (Development of Researc,meityhist_767b6da6815bc7f773f0 meitycall_533fd1397d9885d223d2 DRISHTI – SSB Grand Challenge on Strengthening Border Security MeitY Startup Hub Ministry of Electronics and Information Technology (MeitY) MeitY Startup Hub https://msh.meity.gov.in/program/mshcorporate/drishti HISTORICAL_CLOSED GRAND_CHALLENGE Defence & Border Security STARTUP STARTUP_DIRECT STANDALONE_OFFICIAL_HISTORICAL_CALL The official page states that MeitY and SSB had undertaken the DRISHTI Grand Challenge and describes the intended use of startup-developed solutions. Skip to main content meity-sthub@gov.in Contact : +91-11-24301244 ABOUT US SCHEMES PROGRAM NETWORKS RESOURCE MEDIA REGISTER LOGIN PROGRAMS > MSH CORPORATE > DRISHTI - SSB DRISHTI - SSB Background: MeitY in partnership with Sashastra Seema Bal (SSB) had undertaken a Grand Challenge on Strengthening Border Security entitled 'DRISHTI' (Development of Researched Indigenous Solutions – Hackathon for Technological Innovations) through MSH platform to identify impactful solutions from startups to address the problem statements identified by SSB with an overall outlay of Rs. 65 Lakh. It was envisaged to use the solutions developed by the start-ups to augmen,https://msh.meity.gov.in/program/mshcorporate/drishti,PARENT_UNRESOLVED,CALL_OR_CHALLENGE_REVIEW,False,False,daf73c073af957c7bcc7134f030d8537102bd231c3af54e90cd64e4d0f36cac3
meity380_846f9894ffa68dca7219,G20Diaoverview,CHALLENGE_CALL,Challenge and application markers,0.87,APPLICATION_CALL,VERIFICATION_REQUIRED,VERIFICATION_REQUIRED,Current status requirements are incomplete,,,https://msh.meity.gov.in/g20dia/g20diaoverview,,MeitY Startup Hub,Ministry of Electronics and Information Technology (MeitY),MeitY Startup Hub,STARTUP_DIRECT,0.86,meity380_2b210dff922968dc1524,meitycall_2f886d6194cb0b281a16,Xr Startup Program,MATCHED_EXISTING_PROGRAMME,,meitycall_056b139f54fba2e7a8b3,False,meityev_43f52647197988444a4a,"meitycall_056b139f54fba2e7a8b3 G20Diaoverview MeitY Startup Hub Ministry of Electronics and Information Technology (MeitY) MeitY Startup Hub APPLICATION_CALL CALL_INSTANCE 147173e17ea741687247 SAMRIDH CURATED_OFFICIAL_RELATIONSHIP https://msh.meity.gov.in/g20dia/g20diaoverview VERIFICATION_REQUIRED INSUFFICIENT_CURRENT_STATUS_EVIDENCE No verified current deadline and official application route were established. REQUIRES_ADMIN_VERIFICATION DIRECT_OR_REVIEW_REQUIRED UNKNOWN 0.600 True False G20Diaoverview Skip to main content meity-sthub@gov.in Contact : +91-11-24301244 ABOUT US SCHEMES PROGRAM NETWORKS RESOURCE MEDIA REGISTER LOGIN G20 DIA > G20 DIA OVERVIEW G20- Digital Innovation Alliance Welcome to the G20 Digital Innovation Alliance Summit! India's presidency of the G20 Summit is a source of immense pride. As part of this presidency, the Ministry of Electronics and Information Technol","meitycall_056b139f54fba2e7a8b3 G20Diaoverview MeitY Startup Hub Ministry of Electronics and Information Technology (MeitY) MeitY Startup Hub APPLICATION_CALL CALL_INSTANCE 147173e17ea741687247 SAMRIDH CURATED_OFFICIAL_RELATIONSHIP https://msh.meity.gov.in/g20dia/g20diaoverview VERIFICATION_REQUIRED INSUFFICIENT_CURRENT_STATUS_EVIDENCE No verified current deadline and official application route were established. REQUIRES_ADMIN_VERIFICATION DIRECT_OR_REVIEW_REQUIRED UNKNOWN 0.600 True False G20Diaoverview Skip to main content meity-sthub@gov.in Contact : +91-11-24301244 ABOUT US SCHEMES PROGRAM NETWORKS RESOURCE MEDIA REGISTER LOGIN G20 DIA > G20 DIA OVERVIEW G20- Digital Innovation Alliance Welcome to the G20 Digital Innovation Alliance Summit! India's presidency of the G20 Summit is a source of immense pride. As part of this presidency, the Ministry of Electronics and Information Technology (MeitY), Government of India, and the MeitY Start-up Hub are organizing the G20 Digital Innovation Alliance Summit in Bengaluru at the Bangalore Palace, from August 17th to 19th, 2023. With the focal theme, 'Driving Digital Innovation for World Economies', the Summit anticipates substantial part",https://msh.meity.gov.in/g20dia/g20diaoverview,,CALL_OR_CHALLENGE_REVIEW,False,False,44d8cb574522afef8cf4c43d5ef0938d985781e2a7022e6f781f9bf3a25ffa78
meity380_2a55c0736beab7bf7eff,Google Appscale Academy 2023,ACCELERATOR_COHORT,Dated cohort/call markers,0.84,APPLICATION_CALL,VERIFICATION_REQUIRED,VERIFICATION_REQUIRED,Current status requirements are incomplete,,,https://msh.meity.gov.in/program/mshcorporate/googleappscale,,MeitY Startup Hub,Ministry of Electronics and Information Technology (MeitY),MeitY Startup Hub,STARTUP_AND_ECOSYSTEM,0.78,,,,PARENT_REQUIRES_ADMIN_VERIFICATION,,meitycall_a4a05a783de6e3478e54,False,meityev_279f063ddebdb552547e,"meityhist_09c6aff9b99b63092722 meitycall_a4a05a783de6e3478e54 Google Appscale Academy 2023 MeitY Startup Hub Ministry of Electronics and Information Technology (MeitY) MeitY Startup Hub https://msh.meity.gov.in/program/mshcorporate/googleappscale HISTORICAL_CLOSED 2023 ACCELERATOR_COHORT Digital Products & Mobile Applications STARTUP STARTUP_DIRECT STANDALONE_OFFICIAL_HISTORICAL_CALL The official page identifies the Class of 2023, states that the programme was executed, and records 100 startups selected from more than 950 applications. Skip to main content meity-sthub@gov.in Contact : +91-11-24301244 ABOUT US SCHEMES PROGRAM NETWORKS RESOURCE MEDIA REGISTER LOGIN PROGRAMS > MSH CORPORATE > GOOGLE APPSCALE ACADEMY 2023 IMPACT GOOGLE APPSCALE ACADEMY 2023 IMPACT Google Appscale Academy the Class of 2023, was executed with 100 startups selected from over 950 applications, represents a diver","meityhist_09c6aff9b99b63092722 meitycall_a4a05a783de6e3478e54 Google Appscale Academy 2023 MeitY Startup Hub Ministry of Electronics and Information Technology (MeitY) MeitY Startup Hub https://msh.meity.gov.in/program/mshcorporate/googleappscale HISTORICAL_CLOSED 2023 ACCELERATOR_COHORT Digital Products & Mobile Applications STARTUP STARTUP_DIRECT STANDALONE_OFFICIAL_HISTORICAL_CALL The official page identifies the Class of 2023, states that the programme was executed, and records 100 startups selected from more than 950 applications. Skip to main content meity-sthub@gov.in Contact : +91-11-24301244 ABOUT US SCHEMES PROGRAM NETWORKS RESOURCE MEDIA REGISTER LOGIN PROGRAMS > MSH CORPORATE > GOOGLE APPSCALE ACADEMY 2023 IMPACT GOOGLE APPSCALE ACADEMY 2023 IMPACT Google Appscale Academy the Class of 2023, was executed with 100 startups selected from over 950 applications, represents a diverse range of sectors, including education, health, social impact, gaming, agriculture, and more. These innovative startups have harnessed technology to address critical needs, making a tangible impact on society. Appscale Academy has been instrumental in training and mentoring early to mid-stage star",https://msh.meity.gov.in/program/mshcorporate/googleappscale,PARENT_UNRESOLVED,CALL_OR_CHALLENGE_REVIEW,False,False,c6c7745100a2a50c51488429bbb664cde425bf1ada95ceb5fcff123966f17473
meity380_c514ac8a22eee69b1b43,Googleappscale,HACKATHON,Hackathon markers,0.91,APPLICATION_CALL,VERIFICATION_REQUIRED,VERIFICATION_REQUIRED,Current status requirements are incomplete,,,https://msh.meity.gov.in/program/mshcorporate/googleappscale,,MeitY Startup Hub,Ministry of Electronics and Information Technology (MeitY),MeitY Startup Hub,RELEVANCE_REVIEW,0.42,,,,PARENT_REQUIRES_ADMIN_VERIFICATION,,meitycall_a4a05a783de6e3478e54,False,meityev_ef515c83eb37389bb503,"meitycall_a4a05a783de6e3478e54 Googleappscale https://msh.meity.gov.in/program/mshcorporate/googleappscale PUBLISHED 1 VERIFICATION_REQUIRED VALID_CALL_INSTANCE The evidence supports a distinct programme, challenge or hackathon identity, but current status and dates remain unverified. CALL_IDENTITY_ONLY False Rebuild as a historical or current call only after dates, applicant layer, page role and status are verified. 3","meitycall_a4a05a783de6e3478e54 Googleappscale https://msh.meity.gov.in/program/mshcorporate/googleappscale PUBLISHED 1 VERIFICATION_REQUIRED VALID_CALL_INSTANCE The evidence supports a distinct programme, challenge or hackathon identity, but current status and dates remain unverified. CALL_IDENTITY_ONLY False Rebuild as a historical or current call only after dates, applicant layer, page role and status are verified. 3",https://msh.meity.gov.in/program/mshcorporate/googleappscale,PARENT_UNRESOLVED,CALL_OR_CHALLENGE_REVIEW,False,False,8fc33fb86ee9beea6af28dd31fdd396247e139fe2a44d56510d4743311b82a58
meity380_cf8f3e21f48a5eaa8ed4,Ihmcl,HACKATHON,Hackathon markers,0.91,APPLICATION_CALL,VERIFICATION_REQUIRED,VERIFICATION_REQUIRED,Current status requirements are incomplete,,,https://msh.meity.gov.in/program/mshcorporate/ihmcl,,MeitY Startup Hub,Ministry of Electronics and Information Technology (MeitY),MeitY Startup Hub,STARTUP_DIRECT,0.86,meity380_4997db87dabbfb02cb4c,meitycall_b2b15a80eaf08c64193e,Ihmcl,MATCHED_EXISTING_PROGRAMME,,meitycall_b2b15a80eaf08c64193e,False,meityev_c0a5584a8490399a415a,"meitycall_b2b15a80eaf08c64193e Ihmcl MeitY Startup Hub Ministry of Electronics and Information Technology (MeitY) MeitY Startup Hub APPLICATION_CALL CALL_INSTANCE 147173e17ea741687247 SAMRIDH CURATED_OFFICIAL_RELATIONSHIP https://msh.meity.gov.in/program/mshcorporate/ihmcl VERIFICATION_REQUIRED INSUFFICIENT_CURRENT_STATUS_EVIDENCE No verified current deadline and official application route were established. REQUIRES_ADMIN_VERIFICATION DIRECT_OR_REVIEW_REQUIRED UNKNOWN 0.600 True False Ihmcl Skip to main content meity-sthub@gov.in Contact : +91-11-24301244 ABOUT US SCHEMES PROGRAM NETWORKS RESOURCE MEDIA REGISTER LOGIN PROGRAMS > MSH CORPORATE > IHMCL BARRIER-LESS FREE-FLOW TOLLING SYSTEM AND INTELLIGENT TRAFFIC MANAGEMENT SYSTEM FOR IHMCL Background: With a view to leveraging the innovations by the Indian entrepreneurs and in line with mission of Digital India, Indian Highways Management","meitycall_b2b15a80eaf08c64193e Ihmcl MeitY Startup Hub Ministry of Electronics and Information Technology (MeitY) MeitY Startup Hub APPLICATION_CALL CALL_INSTANCE 147173e17ea741687247 SAMRIDH CURATED_OFFICIAL_RELATIONSHIP https://msh.meity.gov.in/program/mshcorporate/ihmcl VERIFICATION_REQUIRED INSUFFICIENT_CURRENT_STATUS_EVIDENCE No verified current deadline and official application route were established. REQUIRES_ADMIN_VERIFICATION DIRECT_OR_REVIEW_REQUIRED UNKNOWN 0.600 True False Ihmcl Skip to main content meity-sthub@gov.in Contact : +91-11-24301244 ABOUT US SCHEMES PROGRAM NETWORKS RESOURCE MEDIA REGISTER LOGIN PROGRAMS > MSH CORPORATE > IHMCL BARRIER-LESS FREE-FLOW TOLLING SYSTEM AND INTELLIGENT TRAFFIC MANAGEMENT SYSTEM FOR IHMCL Background: With a view to leveraging the innovations by the Indian entrepreneurs and in line with mission of Digital India, Indian Highways Management Company Limited (IHMCL) in collaboration with MeitY Startup Hub (MSH) organized a Hackathon with Indian start-ups for cost effective smart tolling solutions-based Barrier-less Free-flow Tolling System and Intelligent Traffic Management System. Read More >> Get to Know Terms & Conditions Sitemap Car",https://msh.meity.gov.in/program/mshcorporate/ihmcl,,CALL_OR_CHALLENGE_REVIEW,False,False,b9fd08a3ac9ef7622017ba8e214ffc20c4f43f1eda4eef870c7e2b30e4297050
meity380_1b40f41e18665500531d,IHMCL Barrier-less Free-flow Tolling and Intelligent Traffic Management Hackathon,HACKATHON,Hackathon markers,0.91,APPLICATION_CALL,VERIFICATION_REQUIRED,VERIFICATION_REQUIRED,Current status requirements are incomplete,,,https://msh.meity.gov.in/program/mshcorporate/ihmcl,,MeitY Startup Hub,Ministry of Electronics and Information Technology (MeitY),MeitY Startup Hub,STARTUP_DIRECT,0.86,meity380_4997db87dabbfb02cb4c,meitycall_b2b15a80eaf08c64193e,Ihmcl,MATCHED_EXISTING_PROGRAMME,,meitycall_b2b15a80eaf08c64193e,False,meityev_5cc2fd510fc1ae475e43,meityhist_953cfb13ecd1dde5cb7e meitycall_b2b15a80eaf08c64193e IHMCL Barrier-less Free-flow Tolling and Intelligent Traffic Management Hackathon MeitY Startup Hub Ministry of Electronics and Information Technology (MeitY) MeitY Startup Hub https://msh.meity.gov.in/program/mshcorporate/ihmcl HISTORICAL_CLOSED HACKATHON Mobility & Intelligent Transport Systems STARTUP STARTUP_DIRECT STANDALONE_OFFICIAL_HISTORICAL_CALL The official page states that IHMCL and MeitY Startup Hub organized a hackathon with Indian startups for smart tolling and traffic-management solutions. Skip to main content meity-sthub@gov.in Contact : +91-11-24301244 ABOUT US SCHEMES PROGRAM NETWORKS RESOURCE MEDIA REGISTER LOGIN PROGRAMS > MSH CORPORATE > IHMCL BARRIER-LESS FREE-FLOW TOLLING SYSTEM AND INTELLIGENT TRAFFIC MANAGEMENT SYSTEM FOR IHMCL Background: With a view to leveraging the innovations by the Indian entrepr,"meityhist_953cfb13ecd1dde5cb7e meitycall_b2b15a80eaf08c64193e IHMCL Barrier-less Free-flow Tolling and Intelligent Traffic Management Hackathon MeitY Startup Hub Ministry of Electronics and Information Technology (MeitY) MeitY Startup Hub https://msh.meity.gov.in/program/mshcorporate/ihmcl HISTORICAL_CLOSED HACKATHON Mobility & Intelligent Transport Systems STARTUP STARTUP_DIRECT STANDALONE_OFFICIAL_HISTORICAL_CALL The official page states that IHMCL and MeitY Startup Hub organized a hackathon with Indian startups for smart tolling and traffic-management solutions. Skip to main content meity-sthub@gov.in Contact : +91-11-24301244 ABOUT US SCHEMES PROGRAM NETWORKS RESOURCE MEDIA REGISTER LOGIN PROGRAMS > MSH CORPORATE > IHMCL BARRIER-LESS FREE-FLOW TOLLING SYSTEM AND INTELLIGENT TRAFFIC MANAGEMENT SYSTEM FOR IHMCL Background: With a view to leveraging the innovations by the Indian entrepreneurs and in line with mission of Digital India, Indian Highways Management Company Limited (IHMCL) in collaboration with MeitY Startup Hub (MSH) organized a Hackathon with Indian start-ups for cost effective smart tolling solutions-based Barrier-less Free-flow Tolling System and Intelligent Traffi",https://msh.meity.gov.in/program/mshcorporate/ihmcl,,CALL_OR_CHALLENGE_REVIEW,False,False,1dd9e93e0933ae98d25b788b6c7aa95ff351c1bf8807e4336a3dba469068a26c
meity380_9e21a5ee4a964488f9dd,Inviting Applications Agrienics Grand Challenge,GRAND_CHALLENGE,Grand challenge markers,0.91,APPLICATION_CALL,VERIFICATION_REQUIRED,VERIFICATION_REQUIRED,Current status requirements are incomplete,,,https://www.meity.gov.in/content/inviting-applications-agrienics-grand-challenge,,MeitY Startup Hub,Ministry of Electronics and Information Technology (MeitY),MeitY Startup Hub,RELEVANCE_REVIEW,0.42,,,,PARENT_REQUIRES_ADMIN_VERIFICATION,,,False,meityev_6ea11fc43306ed33cda0,,,https://www.meity.gov.in/content/inviting-applications-agrienics-grand-challenge,PARENT_UNRESOLVED,CALL_OR_CHALLENGE_REVIEW,False,False,d13bb60b4ffb7d76db81556fe718d96f82c9a7749082778ea52394b0310bfcb5
meity380_bbcca6b3bb1ff6d1521c,Mathworks,CHALLENGE_CALL,Challenge and application markers,0.87,APPLICATION_CALL,VERIFICATION_REQUIRED,VERIFICATION_REQUIRED,Current status requirements are incomplete,,,https://msh.meity.gov.in/program/mshcorporate/mathworks,,MeitY Startup Hub,Ministry of Electronics and Information Technology (MeitY),MeitY Startup Hub,STARTUP_AND_ECOSYSTEM,0.78,meity380_e6f6f0d882a384cc8680,meitycall_c53a5b2578e3b03d7291,Mathworks,MATCHED_EXISTING_PROGRAMME,,meitycall_c53a5b2578e3b03d7291,False,meityev_9575399a57bd05effb18,"meitycall_c53a5b2578e3b03d7291 Mathworks MeitY Startup Hub Ministry of Electronics and Information Technology (MeitY) MeitY Startup Hub APPLICATION_CALL CALL_INSTANCE 147173e17ea741687247 SAMRIDH CURATED_OFFICIAL_RELATIONSHIP https://msh.meity.gov.in/program/mshcorporate/mathworks VERIFICATION_REQUIRED INSUFFICIENT_CURRENT_STATUS_EVIDENCE No verified current deadline and official application route were established. REQUIRES_ADMIN_VERIFICATION DIRECT_OR_REVIEW_REQUIRED UNKNOWN 0.600 True False Mathworks Skip to main content meity-sthub@gov.in Contact : +91-11-24301244 ABOUT US SCHEMES PROGRAM NETWORKS RESOURCE MEDIA REGISTER LOGIN PROGRAMS > MSH CORPORATE > MATHWORKS MEITY STARTUP HUB AND MATHWORKS PARTNER TO ACCELERATE DEEP TECH INNOVATION MeitY Startup Hub (MSH) has signed a Statement of Intent (SoI) with MathWorks to bolster India’s deep tech startup ecosystem, providing access to stat","meitycall_c53a5b2578e3b03d7291 Mathworks MeitY Startup Hub Ministry of Electronics and Information Technology (MeitY) MeitY Startup Hub APPLICATION_CALL CALL_INSTANCE 147173e17ea741687247 SAMRIDH CURATED_OFFICIAL_RELATIONSHIP https://msh.meity.gov.in/program/mshcorporate/mathworks VERIFICATION_REQUIRED INSUFFICIENT_CURRENT_STATUS_EVIDENCE No verified current deadline and official application route were established. REQUIRES_ADMIN_VERIFICATION DIRECT_OR_REVIEW_REQUIRED UNKNOWN 0.600 True False Mathworks Skip to main content meity-sthub@gov.in Contact : +91-11-24301244 ABOUT US SCHEMES PROGRAM NETWORKS RESOURCE MEDIA REGISTER LOGIN PROGRAMS > MSH CORPORATE > MATHWORKS MEITY STARTUP HUB AND MATHWORKS PARTNER TO ACCELERATE DEEP TECH INNOVATION MeitY Startup Hub (MSH) has signed a Statement of Intent (SoI) with MathWorks to bolster India’s deep tech startup ecosystem, providing access to state-of-the-art computational tools, advanced simulation models, and world-class training resources. As part of this partnership, MathWorks will provide complimentary access to over 100 products under its Accelerator Program, including MATLAB® and Simulink, for 12 months to all MeitY associated startup",https://msh.meity.gov.in/program/mshcorporate/mathworks,,CALL_OR_CHALLENGE_REVIEW,False,False,3712001c65fa253b102ce57818b616d72d7efce75cadd949cf9f263dd91d30f5
meity380_971cd0162a4ac361665d,Mathworks,HACKATHON,Hackathon markers,0.91,APPLICATION_CALL,VERIFICATION_REQUIRED,VERIFICATION_REQUIRED,Current status requirements are incomplete,,,https://msh.meity.gov.in/program/mshcorporate/mathworks,,MeitY Startup Hub,Ministry of Electronics and Information Technology (MeitY),MeitY Startup Hub,RELEVANCE_REVIEW,0.42,meity380_e6f6f0d882a384cc8680,meitycall_c53a5b2578e3b03d7291,Mathworks,MATCHED_EXISTING_PROGRAMME,,meitycall_c53a5b2578e3b03d7291,False,meityev_db5a426f8ce9a0c86c00,"meitycall_c53a5b2578e3b03d7291 Mathworks https://msh.meity.gov.in/program/mshcorporate/mathworks PUBLISHED 1 VERIFICATION_REQUIRED VALID_CALL_INSTANCE The evidence supports a distinct programme, challenge or hackathon identity, but current status and dates remain unverified. CALL_IDENTITY_ONLY False Rebuild as a historical or current call only after dates, applicant layer, page role and status are verified. 3","meitycall_c53a5b2578e3b03d7291 Mathworks https://msh.meity.gov.in/program/mshcorporate/mathworks PUBLISHED 1 VERIFICATION_REQUIRED VALID_CALL_INSTANCE The evidence supports a distinct programme, challenge or hackathon identity, but current status and dates remain unverified. CALL_IDENTITY_ONLY False Rebuild as a historical or current call only after dates, applicant layer, page role and status are verified. 3",https://msh.meity.gov.in/program/mshcorporate/mathworks,,CALL_OR_CHALLENGE_REVIEW,False,False,13807b7b1b9da7899ffb552b93ea5d387163eb9c7271c8c00e6f4f2011830607
meity380_63f03d314ca77ad79dd0,MeityStartupHub,CHALLENGE_CALL,Challenge and application markers,0.87,APPLICATION_CALL,VERIFICATION_REQUIRED,VERIFICATION_REQUIRED,Current status requirements are incomplete,,,https://msh.meity.gov.in/,,MeitY Startup Hub,Ministry of Electronics and Information Technology (MeitY),MeitY Startup Hub,STARTUP_DIRECT,0.93,meity380_d1083564852a7ff97395,,MeityStartupHub,MATCHED_DISCOVERED_PROGRAMME,,,False,meityev_ad8ea87a47e0cc14d8b8,"meity_9f4b62e63e0b40e94b00 CALL_INSTANCE_CANDIDATE 0.78 MeityStartupHub 6 1 4 9 + https://msh.meity.gov.in/ https://msh.meity.gov.in/ seed CALL_STATUS_REQUIRES_DATE_VALIDATION 200 text/html 0 0 44 4 7 True https://api.meity.gov.in/editions/external/list; https://api.meity.gov.in/faqs; https://api.meity.gov.in/media/all?page=0; https://api.meity.gov.in/editions/list; https://api.meity.gov.in/successstory/list?page=0; https://api.meity.gov.in/partnership/list; https://api.meity.gov.in/news?page=0; https://api.meity.gov.in/pressrelease/active?page=0; https://api.meity.gov.in/resources/counts; https://api.meity.gov.in/home CALL_COHORT_CHALLENGE_SIGNAL True SCHEME_MASTER_CANDIDATE 0.7 The page contains information about various programs, resources, and initiatives related to the startup ecosystem, which suggests it might be a master page for schemes or programs. 2026-07-13T06:52:16+00:00 Skip","meity_9f4b62e63e0b40e94b00 CALL_INSTANCE_CANDIDATE 0.78 MeityStartupHub 6 1 4 9 + https://msh.meity.gov.in/ https://msh.meity.gov.in/ seed CALL_STATUS_REQUIRES_DATE_VALIDATION 200 text/html 0 0 44 4 7 True https://api.meity.gov.in/editions/external/list; https://api.meity.gov.in/faqs; https://api.meity.gov.in/media/all?page=0; https://api.meity.gov.in/editions/list; https://api.meity.gov.in/successstory/list?page=0; https://api.meity.gov.in/partnership/list; https://api.meity.gov.in/news?page=0; https://api.meity.gov.in/pressrelease/active?page=0; https://api.meity.gov.in/resources/counts; https://api.meity.gov.in/home CALL_COHORT_CHALLENGE_SIGNAL True SCHEME_MASTER_CANDIDATE 0.7 The page contains information about various programs, resources, and initiatives related to the startup ecosystem, which suggests it might be a master page for schemes or programs. 2026-07-13T06:52:16+00:00 Skip to main content meity-sthub@gov.in Contact : +91-11-24301244 ABOUT US SCHEMES PROGRAM NETWORKS RESOURCE MEDIA REGISTER LOGIN Click on the stats below to view details. STARTUPS 6 1 4 9 + INCUBATORS 5 1 8 + MENTORS 4 8 6 + ACCELERATORS 3 6 + COE 4 3 + LABS 3 2 9 + VENUE SPACES 7 6 + CO-WORKING SPACES",https://msh.meity.gov.in/,,CALL_OR_CHALLENGE_REVIEW,False,False,51b739f493ff4590e374dca6822b8137dce28be1c801b30f2860e086eb2dcad8
meity380_6c6b2d5578e98833b2ee,MeityStartupHub,CHALLENGE_CALL,Challenge and application markers,0.87,APPLICATION_CALL,VERIFICATION_REQUIRED,VERIFICATION_REQUIRED,Current status requirements are incomplete,,,https://msh.meity.gov.in/api/challenges,,MeitY Startup Hub,Ministry of Electronics and Information Technology (MeitY),MeitY Startup Hub,RELEVANCE_REVIEW,0.42,meity380_d1083564852a7ff97395,,MeityStartupHub,MATCHED_DISCOVERED_PROGRAMME,,,False,meityev_92e98089950079ebe733,MeityStartupHub,MeityStartupHub,https://msh.meity.gov.in/api/challenges,,CALL_OR_CHALLENGE_REVIEW,False,False,fcb38e27016e0c0815d6400652f2ffe6460502387c50839f8266fd2de10977dc
meity380_17e4b43b8d9381f00e08,MeityStartupHub,CHALLENGE_CALL,Challenge and application markers,0.87,APPLICATION_CALL,VERIFICATION_REQUIRED,VERIFICATION_REQUIRED,Current status requirements are incomplete,,,https://msh.meity.gov.in/api/v1/challenges,,MeitY Startup Hub,Ministry of Electronics and Information Technology (MeitY),MeitY Startup Hub,RELEVANCE_REVIEW,0.42,meity380_d1083564852a7ff97395,,MeityStartupHub,MATCHED_DISCOVERED_PROGRAMME,,,False,meityev_9ca80d5483f70482fdd9,MeityStartupHub,MeityStartupHub,https://msh.meity.gov.in/api/v1/challenges,,CALL_OR_CHALLENGE_REVIEW,False,False,e45afab0a720f3d5f0e11675175f292755c5fbeb93dc1dfa2ab0f50cbca4791d
meity380_7251a9a428f765302225,MeityStartupHub,CHALLENGE_CALL,Challenge and application markers,0.87,APPLICATION_CALL,VERIFICATION_REQUIRED,VERIFICATION_REQUIRED,Current status requirements are incomplete,,,https://msh.meity.gov.in/backend/api/challenges,,MeitY Startup Hub,Ministry of Electronics and Information Technology (MeitY),MeitY Startup Hub,RELEVANCE_REVIEW,0.42,meity380_d1083564852a7ff97395,,MeityStartupHub,MATCHED_DISCOVERED_PROGRAMME,,,False,meityev_a9cbab4354c7d370b0d5,MeityStartupHub,MeityStartupHub,https://msh.meity.gov.in/backend/api/challenges,,CALL_OR_CHALLENGE_REVIEW,False,False,0ddee79258a2db08fced72fa00bf4a2801f7fea0f50b04134545c9efc87295b5
meity380_1df78bc883483c0526a7,MeityStartupHub,CHALLENGE_CALL,Challenge and application markers,0.87,APPLICATION_CALL,VERIFICATION_REQUIRED,VERIFICATION_REQUIRED,Current status requirements are incomplete,,,https://msh.meity.gov.in/challenges/home,,MeitY Startup Hub,Ministry of Electronics and Information Technology (MeitY),MeitY Startup Hub,RELEVANCE_REVIEW,0.42,meity380_d1083564852a7ff97395,,MeityStartupHub,MATCHED_DISCOVERED_PROGRAMME,,,False,meityev_f71f5e6b4d9b05942aa9,MeityStartupHub,MeityStartupHub,https://msh.meity.gov.in/challenges/home,,CALL_OR_CHALLENGE_REVIEW,False,False,935c968c5b018a07cb21348d31e0e43d096f429c994f984dc0e7bbc7b8d0b72e
meity380_1a43e9b609972628bec6,MeityStartupHub,CHALLENGE_CALL,Challenge and application markers,0.87,APPLICATION_CALL,VERIFICATION_REQUIRED,VERIFICATION_REQUIRED,Current status requirements are incomplete,,,https://msh.meity.gov.in/challenges/home/35ed1bc3-26e1-4aef-99ee-3f759a530f55,,MeitY Startup Hub,Ministry of Electronics and Information Technology (MeitY),MeitY Startup Hub,RELEVANCE_REVIEW,0.42,meity380_d1083564852a7ff97395,,MeityStartupHub,MATCHED_DISCOVERED_PROGRAMME,,,False,meityev_04a7a498c69bc3c123d0,MeityStartupHub,MeityStartupHub,https://msh.meity.gov.in/challenges/home/35ed1bc3-26e1-4aef-99ee-3f759a530f55,,CALL_OR_CHALLENGE_REVIEW,False,False,cb523acadfd2cc556188a92fd6ca7f0b374d70c3f87411276952d6415707eab0
meity380_d84445d5a21cb05a9378,Micron,ACCELERATOR_COHORT,Dated cohort/call markers,0.84,APPLICATION_CALL,VERIFICATION_REQUIRED,VERIFICATION_REQUIRED,Current status requirements are incomplete,,,https://msh.meity.gov.in/program/mshcorporate/micron,,MeitY Startup Hub,Ministry of Electronics and Information Technology (MeitY),MeitY Startup Hub,STARTUP_DIRECT,0.79,meity380_1d567fedb2b3d9b772e1,meitycall_0c7011d0b31e008b13b8,Micron,MATCHED_EXISTING_PROGRAMME,,meitycall_0c7011d0b31e008b13b8,False,meityev_8bfcb41b446cdd8725d2,"meitycall_0c7011d0b31e008b13b8 Micron MeitY Startup Hub Ministry of Electronics and Information Technology (MeitY) MeitY Startup Hub APPLICATION_CALL CALL_INSTANCE 147173e17ea741687247 SAMRIDH CURATED_OFFICIAL_RELATIONSHIP https://msh.meity.gov.in/program/mshcorporate/micron VERIFICATION_REQUIRED INSUFFICIENT_CURRENT_STATUS_EVIDENCE No verified current deadline and official application route were established. REQUIRES_ADMIN_VERIFICATION DIRECT_OR_REVIEW_REQUIRED UNKNOWN 0.600 True False Micron Skip to main content meity-sthub@gov.in Contact : +91-11-24301244 ABOUT US SCHEMES PROGRAM NETWORKS RESOURCE MEDIA REGISTER LOGIN PROGRAMS > MSH CORPORATE > MICRON MEITY STARTUP HUB (MSH), MICRON AND PIEDS, CREST (BITS PILANI), LAUNCH A SEMICONDUCTOR ACCELERATOR FOR EARLY-STAGE STARTUPS MeitY Startup Hub (MSH) an independent division of the Ministry of Electronics & Information Technology (MeitY), ","meitycall_0c7011d0b31e008b13b8 Micron MeitY Startup Hub Ministry of Electronics and Information Technology (MeitY) MeitY Startup Hub APPLICATION_CALL CALL_INSTANCE 147173e17ea741687247 SAMRIDH CURATED_OFFICIAL_RELATIONSHIP https://msh.meity.gov.in/program/mshcorporate/micron VERIFICATION_REQUIRED INSUFFICIENT_CURRENT_STATUS_EVIDENCE No verified current deadline and official application route were established. REQUIRES_ADMIN_VERIFICATION DIRECT_OR_REVIEW_REQUIRED UNKNOWN 0.600 True False Micron Skip to main content meity-sthub@gov.in Contact : +91-11-24301244 ABOUT US SCHEMES PROGRAM NETWORKS RESOURCE MEDIA REGISTER LOGIN PROGRAMS > MSH CORPORATE > MICRON MEITY STARTUP HUB (MSH), MICRON AND PIEDS, CREST (BITS PILANI), LAUNCH A SEMICONDUCTOR ACCELERATOR FOR EARLY-STAGE STARTUPS MeitY Startup Hub (MSH) an independent division of the Ministry of Electronics & Information Technology (MeitY), Government of India in partnership with Micron and PIEDS, the Technology Business Incubator and Center for Research Excellence in Semiconductor Technologies (CREST) of BITS Pilani announced today the launch of CREST accelerator program for startups in Semiconductor domain. The accelerator program wi",https://msh.meity.gov.in/program/mshcorporate/micron,,CALL_OR_CHALLENGE_REVIEW,False,False,e6d81489908574b1ddb00efcb387c953bcf92247c6b194645292547290321dd3
meity380_b471f5224d446546cce1,SAMRIDH,ACCELERATOR_COHORT,Dated cohort/call markers,0.84,APPLICATION_CALL,VERIFICATION_REQUIRED,VERIFICATION_REQUIRED,Current status requirements are incomplete,,,https://msh.meity.gov.in/schemes/assets/samridh2ndcohrot/SAMRIDH%202nd%20Cohort%20OM%20Final.pdf,,MeitY Startup Hub,Ministry of Electronics and Information Technology (MeitY),MeitY Startup Hub,RELEVANCE_REVIEW,0.42,meity380_79f29285e5756679d412,,SAMRIDH,MATCHED_DISCOVERED_PROGRAMME,,,False,meityev_f08a2c797e99f00dd463,"meity_call_review_samridh_cohort2_v34201 147173e17ea741687247 SAMRIDH SAMRIDH Cohort 2 COHORT_INSTANCE COHORT_2 https://msh.meity.gov.in/schemes/assets/samridh2ndcohrot/SAMRIDH%202nd%20Cohort%20OM%20Final.pdf HAS_COHORT_INSTANCE An official SAMRIDH Cohort 2 result document is linked from the scheme page. Create a separate historical cohort instance after verifying the official call notice, application period and result document. false OPEN NEEDS_CALL_EVIDENCE A cohort-result document proves a cohort existed but does not by itself provide the complete application window.","meity_call_review_samridh_cohort2_v34201 147173e17ea741687247 SAMRIDH SAMRIDH Cohort 2 COHORT_INSTANCE COHORT_2 https://msh.meity.gov.in/schemes/assets/samridh2ndcohrot/SAMRIDH%202nd%20Cohort%20OM%20Final.pdf HAS_COHORT_INSTANCE An official SAMRIDH Cohort 2 result document is linked from the scheme page. Create a separate historical cohort instance after verifying the official call notice, application period and result document. false OPEN NEEDS_CALL_EVIDENCE A cohort-result document proves a cohort existed but does not by itself provide the complete application window.",https://msh.meity.gov.in/schemes/assets/samridh2ndcohrot/SAMRIDH%202nd%20Cohort%20OM%20Final.pdf,,CALL_OR_CHALLENGE_REVIEW,False,False,cc5689258aa7f43c20fdac8db40732365ed01076dacac9f2ee76f470764c68ad
meity380_5594ed5732ac2f2b042a,SAMRIDH,ACCELERATOR_COHORT,Dated cohort/call markers,0.84,APPLICATION_CALL,VERIFICATION_REQUIRED,VERIFICATION_REQUIRED,Current status requirements are incomplete,,,https://msh.meity.gov.in/schemes/samridh,,MeitY Startup Hub,Ministry of Electronics and Information Technology (MeitY),MeitY Startup Hub,STARTUP_AND_ECOSYSTEM,0.78,meity380_79f29285e5756679d412,,SAMRIDH,MATCHED_DISCOVERED_PROGRAMME,,,False,meityev_66176773e5c2d943b139,"meity_call_review_samridh_first_round_v34201 147173e17ea741687247 SAMRIDH SAMRIDH First-Round Cohort COHORT_INSTANCE FIRST_ROUND https://msh.meity.gov.in/schemes/samridh HAS_COHORT_INSTANCE The official scheme page refers to a first-round cohort involving 22 accelerators and 175 startups. Create a separate historical cohort instance only after official opening dates, closing dates and cohort notice evidence are located. false OPEN NEEDS_CALL_EVIDENCE Do not merge first-round results or participant counts into the permanent SAMRIDH identity.","meity_call_review_samridh_first_round_v34201 147173e17ea741687247 SAMRIDH SAMRIDH First-Round Cohort COHORT_INSTANCE FIRST_ROUND https://msh.meity.gov.in/schemes/samridh HAS_COHORT_INSTANCE The official scheme page refers to a first-round cohort involving 22 accelerators and 175 startups. Create a separate historical cohort instance only after official opening dates, closing dates and cohort notice evidence are located. false OPEN NEEDS_CALL_EVIDENCE Do not merge first-round results or participant counts into the permanent SAMRIDH identity.",https://msh.meity.gov.in/schemes/samridh,,CALL_OR_CHALLENGE_REVIEW,False,False,b956bc508015d32745839e1742ba79375dc7f06777ff75260ea5139dcf9b9378
meity380_103fdbe0eeb36b023d69,Samridh,CHALLENGE_CALL,Challenge and application markers,0.87,APPLICATION_CALL,VERIFICATION_REQUIRED,VERIFICATION_REQUIRED,Current status requirements are incomplete,,,https://msh.meity.gov.in/schemes/samridh,,MeitY Startup Hub,Ministry of Electronics and Information Technology (MeitY),MeitY Startup Hub,STARTUP_DIRECT,0.79,meity380_79f29285e5756679d412,,SAMRIDH,MATCHED_DISCOVERED_PROGRAMME,,,False,meityev_ee6cd7a7e2df48ef4737,"meitycall_336d407b1286d6719bfe Samridh MeitY Startup Hub Ministry of Electronics and Information Technology (MeitY) MeitY Startup Hub APPLICATION_CALL CALL_INSTANCE 147173e17ea741687247 SAMRIDH CURATED_OFFICIAL_RELATIONSHIP https://msh.meity.gov.in/schemes/samridh VERIFICATION_REQUIRED INSUFFICIENT_CURRENT_STATUS_EVIDENCE No verified current deadline and official application route were established. REQUIRES_ADMIN_VERIFICATION DIRECT_OR_REVIEW_REQUIRED UNKNOWN 0.600 True False Samridh Skip to main content meity-sthub@gov.in Contact : +91-11-24301244 ABOUT US SCHEMES PROGRAM NETWORKS RESOURCE MEDIA REGISTER LOGIN SCHEMES > SAMRIDH RESULT OF SAMRIDH COHORT 2 Startup Accelerator of MeitY for Product Innovation, Development, and Growth (SAMRIDH) The Government of India has launched a comprehensive initiative to foster innovation and support start-ups through its Startup Accelerator of MeitY f","meitycall_336d407b1286d6719bfe Samridh MeitY Startup Hub Ministry of Electronics and Information Technology (MeitY) MeitY Startup Hub APPLICATION_CALL CALL_INSTANCE 147173e17ea741687247 SAMRIDH CURATED_OFFICIAL_RELATIONSHIP https://msh.meity.gov.in/schemes/samridh VERIFICATION_REQUIRED INSUFFICIENT_CURRENT_STATUS_EVIDENCE No verified current deadline and official application route were established. REQUIRES_ADMIN_VERIFICATION DIRECT_OR_REVIEW_REQUIRED UNKNOWN 0.600 True False Samridh Skip to main content meity-sthub@gov.in Contact : +91-11-24301244 ABOUT US SCHEMES PROGRAM NETWORKS RESOURCE MEDIA REGISTER LOGIN SCHEMES > SAMRIDH RESULT OF SAMRIDH COHORT 2 Startup Accelerator of MeitY for Product Innovation, Development, and Growth (SAMRIDH) The Government of India has launched a comprehensive initiative to foster innovation and support start-ups through its Startup Accelerator of MeitY for Product Innovation, Development, and Growth (SAMRIDH) program, addressing the need for an accelerator program that drives social impact and scales solutions for India's challenges. The program aims to support 300 tech Start-Ups in 3-year duration with cohort size of 5-10 Start-Ups. SAMRIDH Progra",https://msh.meity.gov.in/schemes/samridh,,CALL_OR_CHALLENGE_REVIEW,False,False,14994fbd4a8a469c5148d20428bfe2e3601484adc92358550147810a9d98c93f
meity380_5b318396b94db491a0af,SAMRIDH Cohort 2,ACCELERATOR_COHORT,Dated cohort/call markers,0.84,APPLICATION_CALL,VERIFICATION_REQUIRED,VERIFICATION_REQUIRED,Current status requirements are incomplete,,,https://msh.meity.gov.in/assets/samridh2ndcohrot/SAMRIDH%202nd%20Cohort%20OM%20Final.pdf,,MeitY Startup Hub,Ministry of Electronics and Information Technology (MeitY),MeitY Startup Hub,RELEVANCE_REVIEW,0.42,meity380_2b210dff922968dc1524,meitycall_2f886d6194cb0b281a16,Xr Startup Program,MATCHED_EXISTING_PROGRAMME,,meitycall_f6f817622dfc3035cf72,False,meityev_ae9b4a91b108073d6f92,"meitycall_f6f817622dfc3035cf72 samridh%202nd%20cohort%20om%20final.pdf SAMRIDH Cohort 2 https://msh.meity.gov.in/assets/samridh2ndcohrot/SAMRIDH%202nd%20Cohort%20OM%20Final.pdf The evidence is an encoded PDF filename rather than a curated call record, and its dates have not been extracted. Extract the official PDF, recover the canonical call title, dates and applicant layer, then create a separate call instance linked to SAMRIDH. True False","meitycall_f6f817622dfc3035cf72 samridh%202nd%20cohort%20om%20final.pdf SAMRIDH Cohort 2 https://msh.meity.gov.in/assets/samridh2ndcohrot/SAMRIDH%202nd%20Cohort%20OM%20Final.pdf The evidence is an encoded PDF filename rather than a curated call record, and its dates have not been extracted. Extract the official PDF, recover the canonical call title, dates and applicant layer, then create a separate call instance linked to SAMRIDH. True False",https://msh.meity.gov.in/assets/samridh2ndcohrot/SAMRIDH%202nd%20Cohort%20OM%20Final.pdf,,CALL_OR_CHALLENGE_REVIEW,False,False,3ef107c4cf784538ae74c57048cb015c65af87bf45207121a8a41787e9b2818f
meity380_4851a97b60a0b0e47182,samridh%202nd%20cohort%20om%20final.pdf,ACCELERATOR_COHORT,Dated cohort/call markers,0.84,APPLICATION_CALL,VERIFICATION_REQUIRED,VERIFICATION_REQUIRED,Current status requirements are incomplete,,,https://msh.meity.gov.in/assets/samridh2ndcohrot/SAMRIDH%202nd%20Cohort%20OM%20Final.pdf,,MeitY Startup Hub,Ministry of Electronics and Information Technology (MeitY),MeitY Startup Hub,RELEVANCE_REVIEW,0.42,meity380_2b210dff922968dc1524,meitycall_2f886d6194cb0b281a16,Xr Startup Program,MATCHED_EXISTING_PROGRAMME,,meitycall_f6f817622dfc3035cf72,False,meityev_bee0029c6e4006178740,meity_32ea6a192c9a4ad4ddb8 EVIDENCE_ONLY 0.98 samridh%202nd%20cohort%20om%20final.pdf samridh%202nd%20cohort%20om%20final.pdf https://msh.meity.gov.in/assets/samridh2ndcohrot/SAMRIDH%202nd%20Cohort%20OM%20Final.pdf https://msh.meity.gov.in/assets/samridh2ndcohrot/SAMRIDH%202nd%20Cohort%20OM%20Final.pdf https://msh.meity.gov.in/schemes/samridh rendered_dom 147173e17ea741687247 200 application/pdf 1 0 0 0 0 False OFFICIAL_DOCUMENT_NOT_MASTER_IDENTITY False 0.0 2026-07-13T06:57:07+00:00,meity_32ea6a192c9a4ad4ddb8 EVIDENCE_ONLY 0.98 samridh%202nd%20cohort%20om%20final.pdf samridh%202nd%20cohort%20om%20final.pdf https://msh.meity.gov.in/assets/samridh2ndcohrot/SAMRIDH%202nd%20Cohort%20OM%20Final.pdf https://msh.meity.gov.in/assets/samridh2ndcohrot/SAMRIDH%202nd%20Cohort%20OM%20Final.pdf https://msh.meity.gov.in/schemes/samridh rendered_dom 147173e17ea741687247 200 application/pdf 1 0 0 0 0 False OFFICIAL_DOCUMENT_NOT_MASTER_IDENTITY False 0.0 2026-07-13T06:57:07+00:00,https://msh.meity.gov.in/assets/samridh2ndcohrot/SAMRIDH%202nd%20Cohort%20OM%20Final.pdf,,CALL_OR_CHALLENGE_REVIEW,False,False,844215ce68f05db7cf15821234c15e435ccf04b27c7b39ceffaf187a72417baa
meity380_5c04fed0bf6368c68d90,Vivatech,CHALLENGE_CALL,Challenge and application markers,0.87,APPLICATION_CALL,VERIFICATION_REQUIRED,VERIFICATION_REQUIRED,Current status requirements are incomplete,,,https://msh.meity.gov.in/program/mshinternational/vivatech,,MeitY Startup Hub,Ministry of Electronics and Information Technology (MeitY),MeitY Startup Hub,RELEVANCE_REVIEW,0.42,meity380_e8e8491eff2419a14f20,meitycall_f76675fa4a424f58ed0b,Vivatech,MATCHED_EXISTING_PROGRAMME,,meitycall_f76675fa4a424f58ed0b,False,meityev_ff742e241c6780ab58f4,"meitycall_f76675fa4a424f58ed0b Vivatech MeitY Startup Hub Ministry of Electronics and Information Technology (MeitY) MeitY Startup Hub APPLICATION_CALL CALL_INSTANCE 147173e17ea741687247 SAMRIDH CURATED_OFFICIAL_RELATIONSHIP https://msh.meity.gov.in/program/mshinternational/vivatech VERIFICATION_REQUIRED INSUFFICIENT_CURRENT_STATUS_EVIDENCE No verified current deadline and official application route were established. REQUIRES_ADMIN_VERIFICATION DIRECT_OR_REVIEW_REQUIRED UNKNOWN 0.600 True False Vivatech Skip to main content meity-sthub@gov.in Contact : +91-11-24301244 ABOUT US SCHEMES PROGRAM NETWORKS RESOURCE MEDIA REGISTER LOGIN PROGRAMS > Global Startup Bridge > VIVATECH VIVATECH 2022 VIVATECH is Europe’s biggest startup and tech event which accelerates innovation by connecting startups, tech leaders, major corporations, and investors responding to the world’s biggest challenges. From","meitycall_f76675fa4a424f58ed0b Vivatech MeitY Startup Hub Ministry of Electronics and Information Technology (MeitY) MeitY Startup Hub APPLICATION_CALL CALL_INSTANCE 147173e17ea741687247 SAMRIDH CURATED_OFFICIAL_RELATIONSHIP https://msh.meity.gov.in/program/mshinternational/vivatech VERIFICATION_REQUIRED INSUFFICIENT_CURRENT_STATUS_EVIDENCE No verified current deadline and official application route were established. REQUIRES_ADMIN_VERIFICATION DIRECT_OR_REVIEW_REQUIRED UNKNOWN 0.600 True False Vivatech Skip to main content meity-sthub@gov.in Contact : +91-11-24301244 ABOUT US SCHEMES PROGRAM NETWORKS RESOURCE MEDIA REGISTER LOGIN PROGRAMS > Global Startup Bridge > VIVATECH VIVATECH 2022 VIVATECH is Europe’s biggest startup and tech event which accelerates innovation by connecting startups, tech leaders, major corporations, and investors responding to the world’s biggest challenges. From keynote speakers and exhibits to labs and live experiences, VIVATECH 2022 was a celebration of today’s innovative technologies that have the power to transform the future. India was the “Country of the Year” partner of VIVATECH 2022 in Paris. MeitY Startup Hub delegation participated in the 4-day e",https://msh.meity.gov.in/program/mshinternational/vivatech,,CALL_OR_CHALLENGE_REVIEW,False,False,1dfd72bce90288f319739f74554ebdea8b42cace7242bc2f3ea26629a29081d9
meity380_e2809214946622f65fbc,Xr Startup Program,HACKATHON,Hackathon markers,0.91,APPLICATION_CALL,VERIFICATION_REQUIRED,VERIFICATION_REQUIRED,Current status requirements are incomplete,,,https://msh.meity.gov.in/program/mshcorporate/xr-startup-program,,MeitY Startup Hub,Ministry of Electronics and Information Technology (MeitY),MeitY Startup Hub,RELEVANCE_REVIEW,0.42,meity380_2b210dff922968dc1524,meitycall_2f886d6194cb0b281a16,Xr Startup Program,MATCHED_EXISTING_PROGRAMME,,meitycall_2f886d6194cb0b281a16,False,meityev_a8e4eb7b7320c34309f0,"meitycall_2f886d6194cb0b281a16 Xr Startup Program https://msh.meity.gov.in/program/mshcorporate/xr-startup-program PUBLISHED 1 VERIFICATION_REQUIRED VALID_CALL_INSTANCE The evidence supports a distinct programme, challenge or hackathon identity, but current status and dates remain unverified. CALL_IDENTITY_ONLY False Rebuild as a historical or current call only after dates, applicant layer, page role and status are verified. 3","meitycall_2f886d6194cb0b281a16 Xr Startup Program https://msh.meity.gov.in/program/mshcorporate/xr-startup-program PUBLISHED 1 VERIFICATION_REQUIRED VALID_CALL_INSTANCE The evidence supports a distinct programme, challenge or hackathon identity, but current status and dates remain unverified. CALL_IDENTITY_ONLY False Rebuild as a historical or current call only after dates, applicant layer, page role and status are verified. 3",https://msh.meity.gov.in/program/mshcorporate/xr-startup-program,,CALL_OR_CHALLENGE_REVIEW,False,False,dbf1b32a4b83bd957e5ac5c2c68e023716e90c8d2cad25728716fcb5232e0306
meity380_ff5b65d75a51ac3d7f1d,XR Startup Program,CHALLENGE_CALL,Challenge and application markers,0.87,APPLICATION_CALL,VERIFICATION_REQUIRED,VERIFICATION_REQUIRED,Current status requirements are incomplete,,,https://msh.meity.gov.in/program/mshcorporate/xr-startup-program,,MeitY Startup Hub,Ministry of Electronics and Information Technology (MeitY),MeitY Startup Hub,STARTUP_AND_ECOSYSTEM,0.78,meity380_2b210dff922968dc1524,meitycall_2f886d6194cb0b281a16,Xr Startup Program,MATCHED_EXISTING_PROGRAMME,,meitycall_2f886d6194cb0b281a16,False,meityev_d3a0b557f4434715fb97,"meitycall_2f886d6194cb0b281a16 Xr Startup Program XR Startup Program https://msh.meity.gov.in/program/mshcorporate/xr-startup-program A startup accelerator programme identity is established, but no dated application call or completed cohort instance is currently separated from the permanent programme page. Discover and link individual accelerator or grand-challenge cohort windows. True False Skip to main content meity-sthub@gov.in Contact : +91-11-24301244 ABOUT US SCHEMES PROGRAM NETWORKS RESOURCE MEDIA REGISTER LOGIN Shortlisted Startups XR Startup Program A program to discover, nurture, and accelerate XR technology startups across India. About the program XR Startup Program is a collaboration between Meta and MeitY Startup Hub (MSH). The program aims to accelerate India’s contribution towards building the foundations of the metaverse and nurturing the development of Extended Reality (","meitycall_2f886d6194cb0b281a16 Xr Startup Program XR Startup Program https://msh.meity.gov.in/program/mshcorporate/xr-startup-program A startup accelerator programme identity is established, but no dated application call or completed cohort instance is currently separated from the permanent programme page. Discover and link individual accelerator or grand-challenge cohort windows. True False Skip to main content meity-sthub@gov.in Contact : +91-11-24301244 ABOUT US SCHEMES PROGRAM NETWORKS RESOURCE MEDIA REGISTER LOGIN Shortlisted Startups XR Startup Program A program to discover, nurture, and accelerate XR technology startups across India. About the program XR Startup Program is a collaboration between Meta and MeitY Startup Hub (MSH). The program aims to accelerate India’s contribution towards building the foundations of the metaverse and nurturing the development of Extended Reality (XR) technologies in India. The metaverse is the next generation of the internet. It will be a set of digital spaces, including 3D experiences that are all interconnected so people can easily move between them and will let people do things they could not do in the physical world. While the defining q",https://msh.meity.gov.in/program/mshcorporate/xr-startup-program,,CALL_OR_CHALLENGE_REVIEW,False,False,ad78f4be137c367969862f0f709da545f0cb3e1ec6072ecc0628ca0083d934d9
